'861557153993','header','Product Description'
'861557153993','normal','Với việc trang bị sẵn tới 16GB RAM và bộ vi xử lý Ryzen 5 7520 thuộc thế hệ AMD 7000 series mới nhất, HP 14s-em0086AU tự tin cùng bạn vượt qua mọi thử thách trong học tập, công việc. Kiểu dáng nhỏ gọn, bền bỉ sẽ giúp laptop dễ dàng để đồng hành bên bạn đi khắp muôn nơi.'
'861557153993','normal','Cấu hình đột phá trong tầm giá với Ryzen 7000 series'
'861557153993','normal','HP 14s-em0086AU là chiếc laptop có hiệu năng xuất sắc nhất trong tầm giá với những linh kiện tiên tiến, mạnh mẽ hàng đầu. Laptop trang bị bộ vi xử lý Ryzen 5 7520U thuộc thế hệ 7000 series. Đây là con chip thuộc dòng CPU mới nhất từ nhà AMD, sản xuất trên tiến trình 6nm hiện đại, hiệu suất hoàn hảo với 4 nhân 8 luồng, tốc độ tối đa lên đến 4.3GHz. Kết quả là máy sẽ hoạt động rất nhanh chóng, đồng thời tiết kiệm pin. HP 14s hoàn hảo cho cả nhu cầu học tập, công việc văn phòng, bán hàng online.'
'861557153993','normal','Thoải mái không gian làm việc với 16GB RAM DDR5'
'861557153993','normal','Sở hữu 16GB RAM và 512GB SSD, HP 14s-em0086AU đảm bảo cho bạn có những linh kiện hàng đầu để tốc độ nhanh hơn bao giờ hết. Không chỉ dung lượng lớn 16GB, RAM trên HP 14s-em0086AU còn là chuẩn RAM DDR5 với tốc độ băng thông vượt trội, mang đến không gian đa nhiệm thoải mái. Trong khi đó 512GB PCIe NVMe M.2 SSD là ổ cứng cao cấp không chỉ bền vững mà còn giúp tăng tốc độ khởi động, mở ứng dụng, di chuyển sao chép dữ liệu. Bạn sẽ được tận hưởng sự mượt mà, nhanh chóng khi sử dụng HP 14s.'
'861557153993','normal','Thiết kế mỏng nhẹ, cơ động'
'861557153993','normal','HP 14s-em0086AU có một thiết kế đầy thanh lịch và không kém phần sang trọng. Laptop sở hữu kiểu dáng thanh mảnh, tinh tế với những đường bo cong mềm mại. Phần viền màn hình thu hẹp siêu mỏng giúp cho kích thước tổng thể vô cùng nhỏ gọn, mang đến tính di động tối ưu. Máy rất nhẹ nhàng để bạn mang đi bất cứ đâu với trọng lượng chỉ 1,4kg cùng độ mỏng 1,79cm. Phiên bản màu bạc thời trang, không bao giờ lỗi thời cho bạn thêm phần cảm hứng khi làm việc.'
'861557153993','normal','Màn hình Full HD sắc nét'
'861557153993','normal','Màn hình HP 14s có kích thước tiêu chuẩn 14 inch, độ phân giải Full HD sắc nét, màu sắc sống động, viền mỏng micro-edge, mang đến trải nghiệm màn hình tràn viền hấp dẫn, giúp bạn làm việc tập trung hơn và giải trí thú vị hơn. Đặc biệt, màn hình này trang bị công nghệ chống lóa và chống nhấp nháy fliker-free, giúp bạn không bị mỏi mắt dù sử dụng trong thời gian dài, an toàn và dễ chịu cho mắt.'
'861557153993','normal','Đầy đủ những kết nối hàng đầu'
'861557153993','normal','HP 14s-em0086AU tập hợp những kết nối nhanh bậc nhất hiện nay ở cả không dây và có dây. Laptop hỗ trợ mạng Wi-Fi 6 và Bluetooth 5.2, cho tốc độ kết nối Wi-Fi ổn định, cũng như tương thích với hầu hết các thiết bị Bluetooth hiện đại. Bạn cũng sẽ có đủ các cổng kết nối thông dụng như 2 cổng USB Type-A; cổng USB Type-C; cổng HDMI 1.4 và jack tai nghe/mic 3.5mm. Các cổng USB đều có tốc độ truyền tín hiệu lên tới 5Gbps, giúp sao chép, di chuyển dữ liệu cực nhanh.'
'861557153993','normal','Thời lượng pin ấn tượng'
'861557153993','normal','Với bộ vi xử lý mới tiết kiệm năng lượng hơn cùng viên pin 3 Cell 41Wh giúp thời lượng pin của laptop HP 14s-em0086AU được kéo dài hơn đáng kể. Máy tính có thể sử dụng trong khoảng 9 giờ liên tục mà không cần đến nguồn sạc. Nhờ vậy, những cuộc họp quan trọng hay việc sử dụng laptop trong một chuyến bay dài đều sẽ được đáp ứng một cách hiệu quả. Ngoài ra, laptop còn có tính năng sạc nhanh, giúp sạc đầy 50% pin chỉ sau 45 phút, nhanh chóng đủ năng lượng để bạn tiếp tục sử dụng.'
'554487313440','header','Product Description'
'554487313440','bold','Một mẫu laptop với cấu hình đủ mạnh, thiết kế bền bỉ và đến từ thương hiệu nổi tiếng như Dell Inspiron 3520 sẽ là trợ thủ đắc lực giúp bạn xử lý đa nhiệm, sáng tạo nội dung và giải trí một cách mượt mà. Sản phẩm được trang bị loạt công nghệ tiên tiến, mang lại trải nghiệm tối ưu cho mọi nhu cầu.'
'554487313440','bold','Xử lý mượt mà, tiết kiệm điện năng'
'554487313440','bold','Phiên bản Dell Inspiron 3520 bạn đang theo dõi sử dụng chip Intel Core i5-1235U thuộc thế hệ thứ 12 Alder Lake, cung cấp hiệu năng vượt trội so với các dòng chip thế hệ trước. Với 10 nhân 12 luồng và tốc độ tối đa lên tới 4.4GHz, sản phẩm xử lý mượt mà các tác vụ văn phòng đồng thời đáp ứng tốt những công việc liên quan đến đồ họa như chỉnh sửa ảnh, biên tập video hay chơi game eSports.'
'554487313440','normal','Điểm đặc biệt của dòng chip Alder Lake là khả năng tối ưu điện năng, giúp laptop Dell hoạt động ổn định mà không bị nóng lên nhanh chóng. Nhờ đó, người dùng có thể làm việc trong thời gian dài mà vẫn duy trì hiệu suất cao, không bị gián đoạn bởi những vấn đề về nhiệt độ hay hiệu suất giảm dần theo thời gian.'
'554487313440','bold','Trang bị 16GB RAM đa nhiệm mượt mà'
'554487313440','normal','Yếu tố quan trọng giúp Dell Inspiron 3520 đa nhiệm mượt mà nằm ở bộ nhớ RAM 16GB. Với dung lượng RAM lớn, chiếc laptop Dell sẽ hỗ trợ người dùng làm việc với nhiều ứng dụng song song mà không gặp tình trạng giật lag hay phản hồi chậm.'
'554487313440','normal','Đối với những ai thường xuyên mở nhiều tab trình duyệt, làm việc với các phần mềm nặng hoặc cần chuyển đổi liên tục giữa các ứng dụng, Dell Inspiron 3520 đảm bảo mọi tác vụ diễn ra trơn tru. Đặc biệt, khả năng xử lý tốt các phần mềm đồ họa và ứng dụng yêu cầu tài nguyên cao khiến thiết bị trở thành công cụ lý tưởng cho dân văn phòng và các designer, lập trình viên hoặc những ai cần hiệu suất cao trong công việc hàng ngày.'
'554487313440','bold','Tăng tốc với ổ cứng SSD PCIe M.2 512GB'
'554487313440','normal','Ngoài hiệu năng xử lý mạnh mẽ, Dell Inspiron 3520 còn được trang bị ổ cứng SSD PCIe M.2 dung lượng 512GB, cung cấp tốc độ truy xuất dữ liệu nhanh và mở những công cụ nặng trong thoáng chốc. Việc khởi động máy sẽ chỉ mất vài giây, các ứng dụng được kích hoạt ngay lập tức và quá trình sao chép dữ liệu trở nên nhanh chóng, giúp người dùng tiết kiệm tối đa thời gian chờ đợi.'
'554487313440','normal','Dung lượng 512GB cũng đáp ứng tốt nhu cầu sử dụng lâu dài, cho phép người dùng lưu trữ hàng ngàn tài liệu, hình ảnh và video mà không lo đầy bộ nhớ. Sự kết hợp giữa tốc độ và dung lượng lớn giúp Inspiron 3520 trở thành trợ thủ xuất sắc cho cả công việc và giải trí.'
'554487313440','bold','Màn hình 120Hz trải nghiệm siêu mượt'
'554487313440','normal','Điểm cộng khiến Dell Inspiron 3520 nổi bật so với nhiều mẫu laptop văn phòng khác nằm ở màn hình Full HD 15.6 inch với tần số quét 120Hz. Ngoài việc cung cấp hình ảnh sắc nét, chi tiết với độ phân giải cao, màn hình này còn giúp mọi chuyển động trở nên mượt mà gấp đôi so với các màn hình 60Hz thông thường.'
'554487313440','normal','Ngay cả khi bạn không phải một game thủ, màn hình tần số quét cao vẫn tạo ra sự khác biệt rõ rệt. Việc cuộn trang web, làm việc với tài liệu dài hay di chuyển cửa sổ ứng dụng trở nên trơn tru hơn, tạo cảm giác thoải mái trong quá trình sử dụng. Độ sáng cao và độ tương phản tốt cũng giúp người dùng có trải nghiệm hình ảnh sống động, chân thực ngay cả khi làm việc ngoài trời hoặc trong môi trường có ánh sáng mạnh.'
'554487313440','bold','Tích hợp đầy đủ các phương thức kết nối tiện lợi'
'554487313440','normal','Ngoài các thế mạnh kể trên, Dell Inspiron 3520 còn được trang bị đầy đủ các cổng kết nối cần thiết để đáp ứng mọi nhu cầu sử dụng. Với ba cổng USB, trong đó có hai cổng USB 3.2 Gen 1, bạn có thể thoải mái ghép nối với các thiết bị ngoại vi và truyền tải dữ liệu tốc độ cao.'
'554487313440','normal','Bên cạnh đó, cổng USB-C giúp bạn dễ dàng kết nối máy tính với smartphone hoặc tablet để sao lưu dữ liệu khi cần. Sản phẩm cũng sở hữu đầy đủ các phương thức tương tác không dây như Wi-Fi và Bluetooth 5.0 để người dùng truy cập internet tiện lợi cũng như truyền phát các tệp tín hiệu không dây nhanh chóng.'
'554487313440','bold','Thiết kế tinh tế, bền bỉ và di động'
'554487313440','normal','Về diện mạo, phiên bản Dell Inspiron này sở hữu thiết kế lịch thiệp với tông màu bạc trang nhã, phù hợp với nhiều gu thẩm mỹ khác nhau. Máy có trọng lượng chỉ 1.9kg và độ mỏng 18.9mm, dễ dàng mang theo trong các chuyến công tác hoặc di chuyển giữa nhiều không gian làm việc khác biệt.'
'554487313440','normal','Viền màn hình mỏng giúp tối ưu diện tích hiển thị, tạo cảm giác hiện đại và chuyên nghiệp. Chất liệu cao cấp cùng độ hoàn thiện tỉ mỉ đảm bảo độ bền bỉ theo thời gian, giúp máy có thể hoạt động ổn định trong nhiều năm mà không lo xuống cấp nhanh chóng.'
'764671220404','header','Product Description'
'764671220404','bold','HP 245 G10 (A20TFPT) với mức giá phải chăng nhưng lại có sự kết hợp giữa thiết kế đẹp, mỏng nhẹ cùng hiệu năng mạnh mẽ từ chip AMD R5. Dù bạn là sinh viên, nhân viên văn phòng hay doanh nhân, HP 245 G10 (A20TFPT) vẫn đáp ứng xuất sắc nhu cầu sử dụng.'
'764671220404','bold','Thiết kế thanh thoát, thời trang'
'764671220404','normal','HP 245 G10 (A20TFPT) sở hữu thiết kế nhỏ gọn, thanh thoát với lớp vỏ bằng nhựa, giúp giảm trọng lượng tổng thể, chỉ còn 1.36kg, thuận tiện cho việc di chuyển và mang theo đến mọi nơi. Sản phẩm sẽ đồng hành cùng bạn đi làm mỗi ngày hoặc đến quán cafe, lên thư viện hoặc thậm chí lên những chuyến bay đi công tác.'
'764671220404','normal','Máy vẫn giữ nguyên ngôn ngữ thiết kế tinh giản ở những thế hệ tiền nhiệm. Điều này thể hiện ở việc tối giản các chi tiết trên mặt lưng, chỉ có logo HP bóng loáng nổi bật nằm chính giữa. Dù vậy, tính thẩm mỹ vẫn được đảm bảo nhờ gam màu bạc thời thượng cùng bề mặt có khả năng chống bám bụi, dễ dàng lau chùi. Xét đến mặt phía trong, các phím trên bàn phím sử dụng gam màu đen, tạo nên nét “nhấn nhá” cho tổng thể máy.'
'764671220404','bold','Làm việc hiệu quả với chip AMD Ryzen 5 7530U'
'764671220404','normal','Laptop HP 245 G10 (A20TFPT) hứa hẹn khả năng đáp ứng mọi nhu cầu sử dụng của bạn nhờ hiệu năng mạnh mẽ đến từ vi xử lý AMD Ryzen 5 7530U. Con chip thuộc thế hệ 7000 series từ nhà AMD sở hữu 6 nhân 12 luồng và tốc độ xung nhịp tối đa lên tới 4.5GHz có thể chạy mượt mọi ứng dụng văn phòng để xử lý các công việc thường ngày. CPU này cũng tích hợp GPU AMD Radeon Graphics, nâng cao khả năng xử lý tác vụ đồ họa cơ bản và cho phép chơi mượt mà nhiều game Online/eSports.'
'764671220404','bold','RAM 16GB đa nhiệm hoàn hảo'
'764671220404','normal','Laptop HP đi kèm 16GB RAM, đảm bảo khả năng đa nhiệm mượt mà. Chuẩn RAM DDR4 tốc độ 3200MHz này thường thấy trên nhiều dòng laptop văn phòng tầm trung, loại bỏ tình trạng load lại trang khi mở nhiều tab trên trình duyệt web hoặc tình trạng chạy chậm khi làm việc đồng thời trên nhiều ứng dụng.'
'764671220404','normal','Máy cũng được trang bị ổ cứng SSD cho tốc độ đọc ghi, truy xuất dữ liệu ấn tượng hơn loại ổ HDD truyền thống. Bộ nhớ 256GB cung cấp không gian lưu trữ khá thoải mái trong suốt một thời gian dài mà không cần xóa bớt khi muốn lưu những dữ liệu mới.'
'764671220404','bold','Màn hình 14 inch viền mỏng'
'764671220404','normal','Laptop HP luôn gây ấn tượng với phần viền màn hình mỏng và HP 245 G10 (A20TFPT) cũng không phải là một ngoại lệ. Cụ thể, màn hình máy sở hữu kích thước 14 inch với tỷ lệ màn hình trên thân máy là 84%. Bạn thoải mái làm việc với Word, Excel và các ứng dụng, phần mềm khác, đảm bảo văn bản và hình ảnh luôn hiển thị rõ ràng và chi tiết để không gặp khó khăn trong việc đọc hay quan sát.'
'764671220404','normal','Màn hình máy được trang bị tấm nền IPS cho góc nhìn rộng 178 độ, độ phân giải FHD tái hiện hình ảnh sắc nét và độ phủ màu 45% NTSC giúp màu sắc hiển thị chính xác, sống động hơn. Lớp phủ chống chói đem đến sự thoải mái cho mắt khi làm việc với máy tính nhưng không làm sai lệch màu sắc của nội dung đang hiển thị.'
'764671220404','bold','Camera và micro kép hỗ trợ học/họp trực tuyến'
'764671220404','normal','Laptop HP 245 G10 (A20TFPT) sở hữu HD webcam (720p) và micro kép tích hợp khả năng giảm tiếng ồn AI. Đây chính là hai trang bị cần thiết để bạn có những buổi học/họp trực tuyến hiệu quả. Nhờ đó, hình ảnh của bạn sẽ luôn sắc nét và chất lượng, đồng thời giọng nói sẽ được thu âm và truyền đạt rõ ràng để những người khác có thể nghe mà không lẫn tạp âm xung quanh.'
'764671220404','bold','Kết nối có dây và không dây đầy đủ'
'764671220404','normal','HP 245 G10 (A20TFPT) tích hợp hệ thống cổng tương tác đa dạng gồm 1 cổng USB Type-C, 2 cổng USB Type-A, 1 cổng HDMI 1.4b, 1 cổng sạc và jack tai nghe/micro combo. Các cổng USB đều có tốc độ truyền tín hiệu lên tới 5Gbps, giúp bạn sao chép, di chuyển dữ liệu cực nhanh. Với các cổng giao tiếp này, bạn có thể kết nối laptop HP với phụ kiện và nhiều loại thiết bị ngoại vi như máy in, máy chiếu, loa, tivi,... dễ dàng mà không cần lo lắng về khả năng tương thích. Bên cạnh đó, Bluetooth 5.3 và mạng Wi-Fi 6 cho phép kết nối không dây nhanh chóng, ổn định với khả năng thu sóng và tốc độ vượt trội.'
'554487313440','header','Product Description'
'554487313440','bold','Một mẫu laptop với cấu hình đủ mạnh, thiết kế bền bỉ và đến từ thương hiệu nổi tiếng như Dell Inspiron 3520 sẽ là trợ thủ đắc lực giúp bạn xử lý đa nhiệm, sáng tạo nội dung và giải trí một cách mượt mà. Sản phẩm được trang bị loạt công nghệ tiên tiến, mang lại trải nghiệm tối ưu cho mọi nhu cầu.'
'554487313440','bold','Xử lý mượt mà, tiết kiệm điện năng'
'554487313440','bold','Phiên bản Dell Inspiron 3520 bạn đang theo dõi sử dụng chip Intel Core i5-1235U thuộc thế hệ thứ 12 Alder Lake, cung cấp hiệu năng vượt trội so với các dòng chip thế hệ trước. Với 10 nhân 12 luồng và tốc độ tối đa lên tới 4.4GHz, sản phẩm xử lý mượt mà các tác vụ văn phòng đồng thời đáp ứng tốt những công việc liên quan đến đồ họa như chỉnh sửa ảnh, biên tập video hay chơi game eSports.'
'554487313440','normal','Điểm đặc biệt của dòng chip Alder Lake là khả năng tối ưu điện năng, giúp laptop Dell hoạt động ổn định mà không bị nóng lên nhanh chóng. Nhờ đó, người dùng có thể làm việc trong thời gian dài mà vẫn duy trì hiệu suất cao, không bị gián đoạn bởi những vấn đề về nhiệt độ hay hiệu suất giảm dần theo thời gian.'
'554487313440','bold','Trang bị 16GB RAM đa nhiệm mượt mà'
'554487313440','normal','Yếu tố quan trọng giúp Dell Inspiron 3520 đa nhiệm mượt mà nằm ở bộ nhớ RAM 16GB. Với dung lượng RAM lớn, chiếc laptop Dell sẽ hỗ trợ người dùng làm việc với nhiều ứng dụng song song mà không gặp tình trạng giật lag hay phản hồi chậm.'
'554487313440','normal','Đối với những ai thường xuyên mở nhiều tab trình duyệt, làm việc với các phần mềm nặng hoặc cần chuyển đổi liên tục giữa các ứng dụng, Dell Inspiron 3520 đảm bảo mọi tác vụ diễn ra trơn tru. Đặc biệt, khả năng xử lý tốt các phần mềm đồ họa và ứng dụng yêu cầu tài nguyên cao khiến thiết bị trở thành công cụ lý tưởng cho dân văn phòng và các designer, lập trình viên hoặc những ai cần hiệu suất cao trong công việc hàng ngày.'
'554487313440','bold','Tăng tốc với ổ cứng SSD PCIe M.2 512GB'
'554487313440','normal','Ngoài hiệu năng xử lý mạnh mẽ, Dell Inspiron 3520 còn được trang bị ổ cứng SSD PCIe M.2 dung lượng 512GB, cung cấp tốc độ truy xuất dữ liệu nhanh và mở những công cụ nặng trong thoáng chốc. Việc khởi động máy sẽ chỉ mất vài giây, các ứng dụng được kích hoạt ngay lập tức và quá trình sao chép dữ liệu trở nên nhanh chóng, giúp người dùng tiết kiệm tối đa thời gian chờ đợi.'
'554487313440','normal','Dung lượng 512GB cũng đáp ứng tốt nhu cầu sử dụng lâu dài, cho phép người dùng lưu trữ hàng ngàn tài liệu, hình ảnh và video mà không lo đầy bộ nhớ. Sự kết hợp giữa tốc độ và dung lượng lớn giúp Inspiron 3520 trở thành trợ thủ xuất sắc cho cả công việc và giải trí.'
'554487313440','bold','Màn hình 120Hz trải nghiệm siêu mượt'
'554487313440','normal','Điểm cộng khiến Dell Inspiron 3520 nổi bật so với nhiều mẫu laptop văn phòng khác nằm ở màn hình Full HD 15.6 inch với tần số quét 120Hz. Ngoài việc cung cấp hình ảnh sắc nét, chi tiết với độ phân giải cao, màn hình này còn giúp mọi chuyển động trở nên mượt mà gấp đôi so với các màn hình 60Hz thông thường.'
'554487313440','normal','Ngay cả khi bạn không phải một game thủ, màn hình tần số quét cao vẫn tạo ra sự khác biệt rõ rệt. Việc cuộn trang web, làm việc với tài liệu dài hay di chuyển cửa sổ ứng dụng trở nên trơn tru hơn, tạo cảm giác thoải mái trong quá trình sử dụng. Độ sáng cao và độ tương phản tốt cũng giúp người dùng có trải nghiệm hình ảnh sống động, chân thực ngay cả khi làm việc ngoài trời hoặc trong môi trường có ánh sáng mạnh.'
'554487313440','bold','Tích hợp đầy đủ các phương thức kết nối tiện lợi'
'554487313440','normal','Ngoài các thế mạnh kể trên, Dell Inspiron 3520 còn được trang bị đầy đủ các cổng kết nối cần thiết để đáp ứng mọi nhu cầu sử dụng. Với ba cổng USB, trong đó có hai cổng USB 3.2 Gen 1, bạn có thể thoải mái ghép nối với các thiết bị ngoại vi và truyền tải dữ liệu tốc độ cao.'
'554487313440','normal','Bên cạnh đó, cổng USB-C giúp bạn dễ dàng kết nối máy tính với smartphone hoặc tablet để sao lưu dữ liệu khi cần. Sản phẩm cũng sở hữu đầy đủ các phương thức tương tác không dây như Wi-Fi và Bluetooth 5.0 để người dùng truy cập internet tiện lợi cũng như truyền phát các tệp tín hiệu không dây nhanh chóng.'
'554487313440','bold','Thiết kế tinh tế, bền bỉ và di động'
'554487313440','normal','Về diện mạo, phiên bản Dell Inspiron này sở hữu thiết kế lịch thiệp với tông màu bạc trang nhã, phù hợp với nhiều gu thẩm mỹ khác nhau. Máy có trọng lượng chỉ 1.9kg và độ mỏng 18.9mm, dễ dàng mang theo trong các chuyến công tác hoặc di chuyển giữa nhiều không gian làm việc khác biệt.'
'554487313440','normal','Viền màn hình mỏng giúp tối ưu diện tích hiển thị, tạo cảm giác hiện đại và chuyên nghiệp. Chất liệu cao cấp cùng độ hoàn thiện tỉ mỉ đảm bảo độ bền bỉ theo thời gian, giúp máy có thể hoạt động ổn định trong nhiều năm mà không lo xuống cấp nhanh chóng.'
'829664835033','header','Product Description'
'829664835033','bold','Phát huy những giá trị làm nên tên tuổi của dòng Aspire Lite, phiên bản Acer Aspire Lite 15 AL15-41P-R3U5 trở thành lựa chọn hàng đầu trong tầm giá dưới 15 triệu đồng. Sản phẩm sở hữu thiết kế mỏng nhẹ thanh lịch, màn hình Full HD sắc nét, hiệu năng mạnh mẽ nhờ chip Ryzen 7 5700U, RAM 16GB, SSD 512GB và hệ thống cổng kết nối phong phú.'
'829664835033','bold','Gọn nhẹ, thanh lịch và hết sức trang nhã'
'829664835033','normal','Ngôn ngữ thiết kế thanh lịch pha lẫn vẻ hiện đại của Acer Aspire Lite 15 AL15-41P-R3U5 được xây dựng bởi các đường nét tinh tế cùng màu Bạc lịch thiệp. Viền màn hình được làm mỏng tối đa, giúp kích cỡ tổng thể sản phẩm được gọn gàng, linh hoạt.'
'829664835033','normal','Với trọng lượng chỉ 1,7kg cùng độ mỏng 18.95mm, Acer Aspire Lite 15 là một trong những mẫu laptop 15,6 inch nhẹ nhất thị trường hiện tại. Đây là lợi thế cho phép người dùng dễ dàng mang máy theo bên mình mà không cảm thấy cồng kềnh, phù hợp với những ai thường xuyên di chuyển để làm việc hoặc học tập.'
'829664835033','bold','Không gian hiển thị tràn viền và sắc nét'
'829664835033','normal','Chiếc laptop sở hữu màn hình 15,6 inch độ phân giải Full HD (1920x1080 pixels), cung cấp chất lượng hiển thị sắc sảo với màu sắc trung thực. Ba cạnh viền bao quanh siêu mỏng tạo hiệu ứng thị giác tràn viền, mở rộng tầm nhìn, giúp bạn làm việc hiệu quả hơn và có được trải nghiệm giải trí sống động hơn.'
'829664835033','normal','Ngoài ra, Acer Aspire Lite 15 còn tích hợp công nghệ Acer BlueLightShield nhằm giảm thiểu ánh sáng xanh gây hại cho mắt. Nhờ đó, người dùng có thể làm việc hoặc giải trí trong thời gian dài mà không bị mỏi mắt.'
'829664835033','bold','Sở hữu chip xử lý mạnh mẽ đắc lực'
'829664835033','normal','Sức mạnh hiệu năng của Acer Aspire Lite 15 AL15-41P-R3U5 đến từ bộ vi xử lý AMD Ryzen 7 5700U. Đây là con chip 8 nhân 16 luồng, đạt xung nhịp tối đa 4.3 GHz, có khả năng xử lý mượt mà các tác vụ văn phòng như lướt web, học tập trực tuyến và thậm chí là chỉnh sửa ảnh, video nhẹ.'
'829664835033','normal','Thêm vào đó GPU tích hợp AMD Radeon Graphics cung cấp hiệu suất đồ họa vượt trội so với các dòng card onboard thông thường khác. Nhờ vậy, bạn có thể chạy các phần mềm thiết kế cơ bản như Photoshop, Illustrator, xem phim chất lượng cao hoặc thoải mái tận hưởng các tựa game eSports như FIFA Online hoặc Liên Minh Huyền Thoại.'
'829664835033','bold','Thỏa sức đa nhiệm và lưu trữ thông tin'
'829664835033','normal','Acer trang bị sẵn cho phiên bản Aspire Lite này bộ RAM 16GB – thông số tương đối ấn tượng trong phân khúc laptop tầm trung. Nhờ dung lượng RAM lớn, người dùng có thể mở nhiều tab trình duyệt khi lướt web, thoải mái làm việc với các phần mềm nặng mà không lo giật lag.'
'829664835033','normal','Bên cạnh đó, máy còn được trang bị sẵn ổ cứng SSD 512GB PCIe NVMe, cho tốc độ đọc/ghi dữ liệu nhanh gấp nhiều lần so với HDD truyền thống. Đây là yếu tố giúp laptop khởi động, mở ứng dụng và sao chép dữ liệu cực nhanh, nâng cao hiệu suất làm việc cho bạn.'
'829664835033','bold','Đầy đủ các phương thức kết nối mà bạn cần'
'829664835033','normal','Dù sở hữu thiết kế mỏng nhẹ, Acer Aspire Lite 15 vẫn được trang bị đầy đủ các cổng kết nối cần thiết gồm 3 cổng USB-A, 1 cổng USB-C 3.2 Gen 2, 1 cổng xuất hình HDMI 1.4, jack cắm tai nghe 3.5mm và khe đọc thẻ MicroSD.'
'829664835033','normal','Ngoài ra, laptop Acer Aspire còn sở hữu kết nối Wi-Fi tiện dụng và Bluetooth 5.1, cho phép duy trì tín hiệu tương tác ổn định, hiệu quả để bạn thoải mái làm việc và giải trí.'
'829664835033','bold','Sở hữu bàn phím và touchpad tiện dụng'
'829664835033','normal','Laptop Acer Aspire Lite 15 AL15-41P-R3U5 được trang bị bàn phím có kích thước tiêu chuẩn với hành trình phím hợp lý, mang lại trải nghiệm gõ phím thoải mái. Ngoài ra, touchpad rộng rãi với độ nhạy cao giúp thao tác mượt mà, không cần sử dụng tới chuột ngoài.'
'829664835033','bold','Thời lượng pin bền bỉ, sạc nhanh tiện lợi'
'829664835033','normal','Với viên pin dung lượng lớn, laptop Acer Aspire Lite 15 có thể vận hành bền bỉ liên tục trong nhiều giờ mà không cần kết nối với nguồn điện. Công nghệ sạc nhanh giúp nạp lại năng lượng nhanh chóng, đảm bảo bạn luôn có thể tiếp tục công việc, tránh bị gián đoạn trải nghiệm ở những thời điểm quan trọng cần thiết.'
