'local_id','created','content','score','username'
'325691','','Nhanh háº¿t pin .bÃ n phÃ­m ko cÃ³ Ä‘Ã¨n . khÃ³ lÃ m viá»‡c','2','thien'
'325691','','má»›i mua Ä‘Æ°á»£c 2 ngÃ y mÃ  tháº¥y mÃ¡y mau nÃ³ng nhanh háº¿t pin s báº£o pin Ä‘Æ°á»£c 6,7 tiáº¿ng','3','Ngá»c Ãnh'
'325691','','MÃ¡y má»›i mua mÃ  pin sÃ i chÆ°a tá»›i 1.5 tiáº¿ng, lÃºc láº¯p Ä‘áº·t mÃ¡y cÃ³ há»i nhÃ¢n viÃªn lÃ  pin sÃ i Ä‘Æ°á»£c bao lÃ¢u thÃ¬ báº£o 6,7 tiáº¿ng, giá» nháº¯n tin pháº£n Ã¡nh thÃ¬ nhÃ¢n viÃªn dmx Ä‘á»c tin nháº¯n k tráº£ lá»i, quÃ¡ tá»‡','1','TrÆ°Æ¡ng thá»‹ hoÃ '
'325691','','MÃ¡y má»›i mÃ  nhanh háº¿t pin cháº¯c dÃ¹ng Ä‘Æ°á»£c 2 tiáº¿ng','2','Nong thi lan'
'325691','','Má»›i mua mÃ  dÃ¹ng mÃ¡y nhanh háº¿t pin nhanh nÃ³ng mÃ¡y','1','Nguyá»…n Thá»‹ QuyÃªn'
'322270','','Mua mÃ¡y Ä‘Æ°á»£c vÃ i ngÃ y thÃ¬ mÃ¡y lá»—i chuá»™t cáº£m á»©ng cháº¡y lung tung lag,mang ra nhÃ¢n viÃªn xá»­ lÃ½ thÃ¬ Ä‘Æ°á»£c ná»­a ngÃ y láº¡i bá»‹ láº¡i,cháº£ hiá»ƒu sao,gá»i nhÃ¢n viÃªn thÃ¬ báº£o mang Ä‘i tháº©m Ä‘á»‹nh táº­n 10 Ä‘áº¿n 15 ngÃ y má»›i Ä‘Æ°á»£c Ä‘Ãºng lÃºc láº¡i ráº¥t cáº§n mÃ¡y ,mÃ¬nh tháº¥y ráº¥t nhiá»u ngÆ°á»i dÃ¹ng mÃ¡y nÃ y bá»‹ lá»—i chuá»™t cáº£m á»©ng','1','Nguyá»…n VÄƒn GiÃ¡p'
'322270','','giá»‘ng nhÆ° cÃ¡c Ä‘Ã¡nh giÃ¡ 1 sao khÃ¡c. MÃ¡y lag khi sá»­ dá»¥ng thanh taskbar, dÃ¹ khÃ´ng cháº¡y tÃ¡c vá»¥ hay lÃ m gÃ¬ phá»©c táº¡p. Touchpad khÃ´ng thá»ƒ sá»­ dá»¥ng ná»•i, cháº¡m lÃ  chuá»™t nháº£y lung tung, lag háº¿t mÃ n hÃ¬nh, tháº­m chÃ­ ngay cáº£ dÃ¹ng chuá»™t riÃªng cÅ©ng bá»‹ lÃ  do touchpad tá»± cáº£m á»©ng, cá»±c kÃ¬ khÃ³ chá»‹u. DÃ¹ng Ä‘Æ°á»£c 1 ngÃ y mÃ¡y Ä‘Ã£ cÃ³ hiá»‡n tÆ°á»£ng Ä‘Æ¡ lag, mang ra cá»­a hÃ nh check thÃ¬ nhÃ¢n viÃªn bÃ¡o do win lá»—i, do tay cháº¡m lÃ m mÃ¡y nháº¡y. Báº£o hÃ nh theo kiá»ƒu mÃ¡y nÃ³ vá»‘n dÄ© tháº¿ thÃ¬ bÃ¡n cho khÃ¡ch cÃ¡i mÃ¡y toÃ n váº¥n Ä‘á» Ä‘á»ƒ lÃ m gÃ¬. Sau khi sá»­a vÃ  kiá»ƒm tra táº¡i cá»­a hÃ ng, vá» váº«n xuáº¥t hiá»‡n hiá»‡n tÆ°á»£ng Ä‘áº¥y. Touchpad khÃ´ng cháº¡m cÅ©ng nháº£y, ngÃ´n ngá»¯ bÃ n phÃ­m trÃªn taskbar Ä‘Ã£ Ä‘Æ°á»£c sá»­a váº«n cÃ³ hiá»‡n tÆ°á»£ng nhÆ° cÅ©.','1','Pháº¡m HoÃ ng HÃ '
'322270','','Æ¯á»›c gÃ¬ Ä‘á»c Ä‘Æ°á»£c Ä‘Ã¡nh giÃ¡ cá»§a cÃ¡c báº¡n sá»›m hÆ¡n. Vá»«a mua vá» chÆ°a ká»‹p lÃ m viá»‡c thÃ¬ mÃ¡y treo luÃ´n Ä‘áº¿n giá» váº«n chÆ°a hoáº¡t Ä‘á»™ng Ä‘Æ°á»£c','2','Thu'
'322270','','dÃºng 1 thÃ¡ng khÃ´ng sao, sang thÃ¡ng thá»© 2 Ä‘Ãºng Ä‘Æ°á»£c máº¥y tiáº¿ng thÃ¬ khÃ´ng lÃªn nguá»“n. cáº£m giÃ¡c tá»‡.','1','Nguyá»…n Thá»‹ Thu Tháº£o'
'322270','','Láº¡i hÆ° pháº§n cáº£m á»©ng. DÃ¹ Ä‘Ã£ Ä‘á»•i láº¡i cÃ¹ng mÃ¡y má»›i cÃ¹ng sp sÃ i 5 ngÃ y váº«n hÆ° pháº§n cáº£m á»©ng tiáº¿pChá»— uy tÃ­n nhÆ°ng bÃ¡n cho KH sáº£n pháº©m khÃ´ng uy tÃ­n','1','Dung'
'322270','','MÃ¡y Ä‘iÃªn khÃ¹ng gÃ¬ chuá»™t cháº¡y tung tÄƒng cháº³ng lÃ m Ä‘c gÃ¬ dÃ¹ng mÃ  phÃ¡t khÃ¹ng. BÃ¡n gÃ¬ cÃ¡i mÃ¡y dá»Ÿm váº­y biáº¿t','1','Háº£i nguyá»…n'
'322270','','hÆ° cáº£m á»©ng','1','lÃª há»“ng minh'
'322270','','Sáº£n pháº©m quÃ¡ tá»‡, khÃ¡ch há»i mua sp tá»« 1518tr thÃ¬ giá»›i thiá»‡u loáº¡i nÃ y. Mua vá» dÃ¹ng Ä‘c 20 ngÃ y thÃ¬ giáº­t lag, chuá»™t bÃ n phÃ­m tá»± di chuyá»ƒn, tá»± nhÃ¡y tá»± giáº­t. Ra cá»­a hÃ ng thÃ¬ nv báº£o do ph má»m cháº¡y láº¡i ph má»m Ä‘em á» dÃ¹ng thá»­ r hÃ£ng mang ra Ä‘á»•i mua tá»« 12/8 Ä‘áº¿n táº§m 20/8 tháº¥y giáº­t lag, do mÆ°a bÃ£o k thá»ƒ Ä‘em Ä‘i báº£o hÃ nh Ä‘c. HÃ´m nay lÃ  17/9 giáº­t lag Ä‘iÃªn k lÃ m ná»•i bÃ i táº­p. HÃ´m 12/8 nv vá»«a kháº¯c phá»¥c lá»—i Ä‘c 2 hÃ´m, dÃ¹ng tháº¥y váº«n bth nháº¯n há»i xem cÃ³ nÃªn Ä‘á»•i luÃ´n k thÃ¬ báº£o k pháº£i do pháº§n cá»©ng Ä‘Ã¢u, hÃ´m sau láº¡i giáº­t lag giá» háº¿t háº¡n Ä‘á»•i rá»“i cÃ²n Ä‘Ã¢u, mÃ  mÃ¬nh nghÄ© loáº¡i nÃ y dá»Ÿm cÃ¡i nÃ o cÅ©ng nhÆ° tháº¿. 14 triá»‡u chá»© Ã­t Ã  BÃ¡n hÃ ng khÃ´ng cÃ³ tÃ¢m coi tiá»n báº¡c cá»§a ng khÃ¡c lÃ  cá» rÃ¡c Ã , khÃ´ng thá»ƒ chá»‹u ná»•i. MÃ  giá» Ä‘á»c tháº¥y 1 Ä‘Ã¡nh giÃ¡ bÃªn dÆ°á»›i cÅ©ng bá»‹ y chang váº­y, mÃ¬nh dÃ¹ng qua vÃ i loáº¡i laptop rá»“i cáº£ loáº¡i cÃ³ 8 triá»‡u cÅ©ng k bá»‹ giáº­t lag nhÆ° tháº¿ nÃ y Ä‘Ã¢u. KÃªu do pháº§n má»m MÃ  trong khi Ä‘Ã³ chÆ°a tá»± táº£i má»™t cÃ¡i gÃ¬, chá»‰ dÃ¹ng tÃ¡c vá»¥ cÆ¡ báº£n.','1','Vi Nguyá»‡t Háº±ng'
'322270','','DÃ¹ng 3 thÃ¡ng. Bá»‹ lá»—i hÆ° pháº§n cá»©ng. H nhÃ¢n viÃªn nÃ³i bá»‹ lá»—i hÆ° pháº§n cá»©ng. Pháº£i gá»­i vá» hÃ£ng sá»­a. Má»i ng mua mÃ¡y trong thÃ¡ng Ä‘áº§u dÃ¹ng háº¿t chá»©c nÄƒng cá»§a mÃ¡y. Äá»«ng Ä‘á»ƒ giá»‘ng tÃ´i. K dÃ¹ng chuá»™t lap. DÃ¹ng chuá»™t rá»i. H má»›i phÃ¡t hiá»‡n thÃ¬ muá»™n rá»“i. Gá»­i vá» hÃ£ng thÃ¬ k cÃ³ mÃ¡y dÃ¹ng. K gá»­i thÃ¬ tá»± mÃ¬nh chá»‹u mÃ¡y bá»‹ hÆ°','3','Ngo Hang'
'322270','','Tá»‡, má»™t tráº£i nghiá»‡m cá»±c kÃ¬ tá»‡','1','Tráº§n VÅ© Phong'
'322270','','DÃ¹ng á»•n, pin cÅ©ng Ä‘Æ°á»£c khoáº£ng gáº§n 4 tiáº¿ng. Náº¿u chá»‰ dÃ¹ng vÄƒn phÃ²ng thÃ¬ cháº¡y mÆ°á»£t cÃ¡c tÃ¡c vá»¥.','5','Nam'
'322072','','Em dÃ¹ng Ä‘Æ°á»£c 8 thÃ¡ng giá» bá»‹ nhÆ° nÃ y cÃ³ Ä‘Æ°á»£c báº£o hÃ nh khÃ´ng áº¡','3','Duy Äá»©c'
'322072','','Em mua chiáº¿c laptop LOQ bÃªn tgdÄ‘ vÃ o hÃ´m 09/2 Ä‘áº¿n hÃ´m 15/2 thÃ¬ mÃ¡y phÃ¡t sinh lá»—i loa cÃ³ tiáº¿ng rÃ¨ vÃ  Ä‘áº¿n hÃ´m nay mang qua cá»­a hÃ ng nÆ¡i Ä‘Ã£ mua Ä‘á»‹a chá»‰ á»Ÿ NghÄ©a XuyÃªn, Trung HoÃ , YÃªn Má»¹, HÆ°ng YÃªn Ä‘á»ƒ nhÃ¢n viÃªn kiá»ƒm tra vÃ  Ä‘Ã£ phÃ¡t hiá»‡n cÃ³ lá»—i nhÆ°ng khÃ´ng Ã¡p dá»¥ng chÃ­nh sÃ¡ch lá»—i 1 Ä‘á»•i 1 vÃ  báº¯t buá»™c pháº£i mang lÃªn hÃ£ng Ä‘á»ƒ tháº©m Ä‘á»‹nh trong khi thá»i gian em mua mÃ¡y Ä‘áº¿n bÃ¢y giá» cÃ²n chÆ°a Ä‘áº§y 15 ngÃ y. Em Ä‘Ã£ qua láº¡i Ä‘áº¿n 2 láº§n nhÆ°ng váº«n chÆ°a giáº£i quyáº¿t Ä‘Æ°á»£c váº¥n Ä‘á». Váº­y tháº¿ chÃ­nh sÃ¡ch lá»—i 1 Ä‘á»•i 1 cá»§a bÃªn cá»­a hÃ ng Ä‘Æ°a ra Ä‘á»ƒ lÃ¹a khÃ¡ch áº¡ Trong khi kiá»ƒm tra lá»—i Ä‘Ã£ hiá»‡n ra rÃµ rÃ ng vÃ  khÃ¡ch hÃ ng cÅ©ng Ä‘Æ°a ra báº±ng chá»©ng cá»¥ thá»ƒ mÃ  nhÃ¢n viÃªn bÃªn cá»­a hÃ ng váº«n lÃ²ng vÃ²ng vÃ  Ä‘Æ°a ra phÆ°Æ¡ng Ã¡n giáº£i quyáº¿t gÃ¢y báº¥t lá»£i cho khÃ¡ch hÃ ng LÃºc mua thÃ¬ há»— trá»£ nhiá»‡t tÃ¬nh nhÆ°ng Ä‘áº¿n lÃºc báº£o hÃ nh thÃ¬ vÃ²ng vo chá»‘i bá» khÃ´ng Ã¡p dá»¥ng theo chÃ­nh sÃ¡ch Ä‘Ã£ Ä‘á» ra lÃ  sao Quyá»n lá»£i cá»§a khÃ¡ch chá»‰ xuáº¥t hiá»‡n trÃªn máº·t chá»¯ thÃ´i áº¡','1','VÅ© CÃ´ng ÄoÃ n'
'322072','','Trá»« pin cá»±c yáº¿u ra thÃ¬ má»i thá»© Ä‘á»u á»•n','5','Nguyen Nhut'
'322072','','Pin sáº¡c 80% Conservation Mode rÃºt sáº¡c , Ä‘á»ƒ cháº¿ Ä‘á»™ Balance + Hybrid Mode Auto, Ä‘á»™ sÃ¡ng 50% xÃ i Chrome lÃ m viá»‡c gg sheet , mÃ¡y chá»‰ cháº¡y card on, mÃ  khÃ´ng trá»¥ Ä‘Æ°á»£c 1h lÃ  sao váº­y má»i ngÆ°á»i, pin bÃ¡o 38 Ä‘á»™, láº§n Ä‘áº§u xÃ i laptop gaming tháº¥y thá»i lÆ°á»£ng pin nhÆ° váº­y hÆ¡i há»¥t háº«ng, mÃ¡y má»›i sáº¡c chÆ°a tá»›i 20 láº§n, cÃ³ pháº£i lá»—i pin ko áº¡','3','Dung Le'
'322072','','MÃ¬nh má»›i mua Ä‘Æ°á»£c 1 thÃ¡ng. NhÆ°ng cÃ³ 1 lá»—i lÃ  khi chÆ¡i game LOL hay Valorant thÃ¬ khÃ´ng dÃ¹ng Ä‘Æ°á»£c cÃ¡c nÃºt di chuyá»ƒn báº±ng A,D,S trÃªn bÃ n phÃ­m. Mong Ä‘Æ°á»£c há»— trá»£.','3','XUÃ‚N ANH'
'322072','','pin sieu yáº¿u','3','lÃª vÄƒn trÆ°á»ng'
'322072','','Sao pin yáº¿u váº­y. ChÆ¡i game Ä‘Ãºng 30p trÃ²n lÃ  cÃ²n 10%','2','VÅ© BÃ¡ch'
'322072','','Cáº¯m sáº¡c pin 100%, khi chÆ¡i game thÃ¬ bá»‹ tuá»™t % pin váº­y CÃ³ cÃ¡ch nÃ o kháº¯c phá»¥c khÃ´ng.','4','Thanh TÃ¢m'
'322072','','Sao laptop lenovo loq mÃ¬nh má»›i mua dÃ¹ sáº¡c Ä‘áº§y 100% pin vÃ  cáº¯m sáº¡c nhÆ°ng chÆ¡i game váº«n tá»¥t % pin váº­y','4','Phan Duy Máº¡nh'
'322072','','Sao laptop lenovo loq mÃ¬nh má»›i mua dÃ¹ sáº¡c Ä‘áº§y 100% pin vÃ  cáº¯m sáº¡c nhÆ°ng chÆ¡i game váº«n tá»¥t % pin váº­y','3','HoÃ ng Triáº¿t'
'322072','','Cáº¥u hÃ¬nh á»•n, táº£n nhiá»‡t tá»‘t.','5','LÃª ÄÃ¬nh Hiáº¿u'
'322072','','mÃ¬nh mua dc 2 tuáº§n cá»© Ä‘Ã´i lÃºc lÃ  liá»‡t má»™t vÃ i nÃºt','3','NGUYEN TAN DAT'
'322072','','Laptop cháº¥t lÆ°á»£ng cao, giÃ¡ há»£p lÃ½, hiá»‡u nÄƒng máº¡nh, táº£n nhiá»‡t tá»‘t, chÆ¡i game chá»‰ 60 Ä‘á»™ khi GPU 100%.','5','PhÃºc'
'322072','','Ráº¥t ok. Cáº¥u hÃ¬nh, cháº¥t lÆ°á»£ng nhÆ° quáº£ng cÃ¡o','5','Äá»– NGUYÃŠN Lá»˜C'
'322072','','Vá» laptop dá»… bá»‹ xÆ°á»›c Ä‘en. lÃ m cÃ¡ch nÃ o Ä‘á»ƒ kháº¯c phá»¥c','3','NguyÃªn'
'322072','','má»›i mua sao khÃ´ng sá»­ dá»¥ng Ä‘Æ°á»£c chuá»™t cáº£m á»©ng nhá»‰','3','Linh'
'322072','','','5','VAN PHU QB'
'322072','','','5','Nguyá»…n ÄÄƒng Äá»‹nh'
'322072','','','5','Em Äáº¡t'
'322072','','','5','HiÃªn Anh'
'322072','','','5','CÃ´ng'
'311176','','Cáº­p nháº­t xong mÃ n Ä‘en mÃ  mÃ¡y váº«n cháº¡y, mÃ¡y cháº¡y ráº¥t to mua dÃ²ng nÃ y muá»‘n k cháº¡y to nhÆ° dell mÃ  k khÃ¡c gÃ¬ dell','1','Thu Huyá»n'
'325500','','Má»›i mua Ä‘Æ°á»£c 2 thÃ¡ng thÃ¬ sáº¡c khÃ´ng vÃ´, hÆ° cá»•ng sáº¡c mÃ  báº£o hÃ nh thÃ¬ pháº£i chá» ná»­a thÃ¡ng, cÃ´ng viá»‡c cháº­m trá»… rá»“i sao. ÄÃ nh pháº£i mua sáº¡c 60W sáº¡c qua cá»•ng C dÃ¹ng táº¡m. QC Ä‘á»™ bá»n chuáº©n quÃ¢n Ä‘á»™i mÃ  v Ä‘Ã³','2','Quang'
'325500','','MÃ¡y má»›i mua mÃ  cháº­m kinh khá»§ng. KhÃ´ng nÃªn mua nha má»i ngÆ°á»i.','1','Thanh'
'325500','','NhÃ¢n viÃªn tÆ° váº¥n khÃ´ng trung thá»±c, khÃ´ng tÆ° váº¥n cho tÃ´i mÃ¡y Ä‘Æ°á»£c giáº£m giÃ¡ trá»« trá»±c tiáº¿p vÃ o giÃ¡ mÃ¡y, mÃ  nÃ³i lÃ  táº·ng tÃ´i phá»¥ kiá»‡n nhÆ°ng thá»±c táº¿ lÃ  tÃ´i mua Ä‘á»ƒ há» bÃ¡n phá»¥ kiá»‡n. Gian dá»‘i trong lÃºc thu tiá»n, nÃ³i vá»›i tÃ´i lÃ  tÃ i khoáº£n cá»§a tháº¿ giá»›i di Ä‘á»™ng bá»‹ lá»—i, Ä‘á»ƒ chÃºng tÃ´i pháº£i chuyá»ƒn tiá»n vÃ o tÃ i khoáº£n nhÃ¢n viÃªn shop. Gian dá»‘i thu thá»«a tiá»n cá»§a tÃ´i. CÃ i mÃ¡y tÃ­nh thÃ¬ ko chia tÃ¡ch á»•, office ráº¥t tá»“i. TÃ´i ráº¥t tháº¥t vá»ng. TÃ´i má»›i mua tá»‘i qua 4/10','1','BÃ¹i Thá»‹ TÃ¢m'
'325500','','MÃ¡y á»•n nhÆ°ng há»— trá»£ pháº§n má»m office quÃ¡ chÃ¡n, cháº¯c khÃ´ng mua láº¡i laptop Ä‘mx hay tgdd','1','Linh'
'325500','','DÃ¹ng táº¡m á»•n. Pin khÃ¡ trÃ¢u. Má»—i tá»™i chip hÆ¡i Ä‘uá»‘i. DÃ¹ng bÃ¬nh thÆ°á»ng cÅ©ng thi thoáº£ng giáº­t lag. Má»›i mua Ä‘Æ°á»£c 3 ngÃ y mÃ  Ä‘ang dÃ¹ng bÃ¬nh thÆ°á»ng tá»± nhiÃªn nÃ³ vÃ o bios nhÆ° nÃ y cÅ©ng k biáº¿t táº¡i sao','4','Pháº¡m Quang Huy'
'322222','','MÃ¡y Ä‘á»ƒ cháº¿ Ä‘á»™ sleep khoáº£ng 12 tiáº¿ng sáº½ bá»‹ nÃ³ng mÃ¡y, báº­t khÃ´ng lÃªn ngay mÃ  pháº£i chá» 1 lÃºc rá»“i áº¥n enter liÃªn tá»¥c thÃ¬ má»›i cháº­p chá»n nhÃ¡y logo máº¥y láº§n má»›i lÃªn Ä‘Æ°á»£c Nháº¥n máº¡nh lÃ  mÃ¡y sáº½ ráº¥t nÃ³ng vÃ  quáº¡t táº£n nhiá»‡t lÃºc nÃ y sáº½ khÃ´ng cháº¡y. Pin thÃ¬ khÃ´ng hao nhiá»u nÃªn Ä‘á»ƒ cháº¿ Ä‘á»™ sleep khÃ´ng bá»‹ tá»‘n pin. Do tÃ­nh cháº¥t cÃ´ng viá»‡c nÃªn gáº§n nhÆ° mÃ¬nh sáº½ khÃ´ng táº¯t laptop mÃ  chá»‰ Ä‘á»ƒ cháº¿ Ä‘á»™ sleep. RÃµ rÃ ng cÃ³ má»™t cÃ¡i lá»—i lá»›n Ä‘Ã¡ng bÃ¡o Ä‘á»™ng nhÆ° tháº¿ nhÆ°ng mÃ¬nh khÃ´ng há» biáº¿t cho Ä‘áº¿n khi dÃ¹ng nÃ³, sau khi bÃ¡o láº¡i nhÃ¢n viÃªn thÃ¬ láº¥y lÃ½ do lÃ  táº¡i win 11 nÃªn táº¥t cáº£ cÃ¡c mÃ¡y Ä‘á»u sáº½ bá»‹ nhÆ° tháº¿ vÃ  khÃ´ng cÃ³ giáº£i phÃ¡p nÃ o MÃ¬nh cÃ³ Ä‘á» xuáº¥t háº¡ báº£n win hoáº·c xÃ³a bá»›t app nhÆ°ng Ä‘á»u bá»‹ cho lÃ  khÃ´ng kháº£ thi. KhÃ´ng thá»ƒ hiá»ƒu ná»•i rÃµ rÃ ng Ä‘Ã¢y lÃ  má»™t cÃ¡i lá»—i lá»›n nhÆ°ng cÃ¡ch giÃ¡i quyáº¿t thÃ¬ nhÆ° kiá»ƒu Ä‘Ã¢y lÃ  Ä‘iá»u hiá»ƒn nhiÃªn trong khi mÃ¡y má»›i dÃ¹ng Ä‘Ã¢u Ä‘Ã³ 1 tuáº§n.Trá»« lá»—i Ä‘Ã³ ra hiá»‡n táº¡i táº¥t cáº£ chá»©c nÄƒng khÃ¡c Ä‘á»u á»•n. Cháº¯c lÃ  dÃ¹ng cÃ¡i mÃ¡y nÃ y thÃ¬ chá»‰ nÃªn Ä‘á»ƒ cháº¿ Ä‘á»™ Sleep khoáº£ng 15 phÃºt Ä‘á»• láº¡i cÃ²n khÃ´ng thÃ¬ táº¯t háº³n mÃ¡y luÃ´n. ÄÃ¢y lÃ  má»™t tráº£i nghiá»‡m tá»“i, cháº¯c mÃ¬nh sáº½ cÃ³ cÃ¡i nhÃ¬n khÃ¡c vá» Acer vÃ¨ TGDÄ, láº§n sau cháº¯c cÃ³ mua thÃ¬ sáº½ chá»‰ lÃ  giÃ¡ ráº»','1','Pham Dung'
'322222','','Mua sáº£n pháº©m vÃ o thÃ¡ng 09/2024 Ä‘áº¿n thÃ¡ng 02/2025 mÃ¡y bá»‹ hÆ° há»ng, khÃ´ng má»Ÿ nguá»“n Ä‘Æ°á»£c. Äem vá» tráº¡m báº£o hÃ nh, tráº¡m báº£o bá»‹ oxy hÃ³a main, pháº§n nÃ y lá»—i do bá»‹ dÃ´ nÆ°á»›c. MÃ¡y mÃ¬nh sá»­ dá»¥ng ráº¥t ká»¹, tháº¿ mÃ  báº£o dÃ´ nÆ°á»›c kiá»ƒu gÃ¬ khÃ´ng hiá»ƒu. Tháº¿ lÃ  khÃ´ng Ä‘Æ°á»£c báº£o hÃ nh. Muá»‘n sá»­ dá»¥ng pháº£i thay main, trá»‹ giÃ¡ 14 triá»‡u, hÆ¡n cáº£ tiá»n mua mÃ¡y. Tháº¿ lÃ  máº¥t cáº£ chÃ¬ láº«n chÃ y. Sáº½ khÃ´ng 1 láº§n nÃ o mua hÃ£ng Acer nÃ y ná»¯a, vÃ  cÅ©ng sáº½ khuyáº¿n cÃ¡o ngÆ°á»i thÃ¢n báº¡n bÃ¨ khÃ´ng mua. Sáº£n pháº©m cháº¥t lÆ°á»£ng quÃ¡ tá»‡, chá»‰ biáº¿t Ä‘á»• cho ngÆ°á»i dÃ¹ng.','1','LÃª VÄƒn Äá»‘i'
'322222','','trong tÃ¢m gia nay thi ryzen 7 5800u Ä‘ap Æ°ng qua Ä‘u cho tac vu hÄƒng ngay, pin tÆ°Æ¡ng Ä‘Ã´i tÃ´t nÃªu sÆ° dung tac vu nhe nhÆ° word, excel, ppt. May khÃ´ng phu hÆ¡p cho chÆ¡i game nÄƒng vÃª cÃ¢u hinh vi khÃ´ng co card gpu rÆ¡i, nhÆ°ng con lai nhÆ°ng game 2d hay thÃ¢m chi minecraft Ryzen 7 5800u lam rÃ¢t tÃ´t. Man hinh Ä‘u dung, net, loa tÆ°Æ¡ng Ä‘Ã´i nho chi phu hÆ¡p cho vÄƒn phong hoÄƒc phong ngu. Ban phim khÃ´ng co Ä‘en nÃªn nhÆ°ng sÆ° dung tÃ´t, khoan cach phim dÃª tiÃªp cÃ¢n, hanh trinh phim ngÄƒn, Ä‘u dung cho hÄƒng ngay, trackpad size vÆ°a, sÆ° dung tÃ´t. chÃ¢t liÃªu hoan thiÃªn hoan toan bÄƒng nhÆ°a nÃªn chip ryzen co Ä‘Ã´i luc cam giac nong nhÆ°ng khÃ´ng bao h qua 70 Ä‘Ã´ C. co sac type c song song vÆ¡i Ä‘Ã¢u AC. mÆ°c Ä‘Ã´ hoan thiÃªn kha, tuy lam bÄƒng nhÆ°a nhÆ°ng Ä‘u cÆ°ng cap, kha nÄƒng nÃ¢ng cÃ¢p kem, ca CPU va RAM Ä‘Ãªu han chÃªt vao board. noi chung 12tr Ä‘u sÆ°c sai tac vu hÄƒng ngay. 9Ä‘','5','Long Hoang'
'322222','','khÃ´ng cÃ³ gÃ¬ ná»•i trá»™i háº¿t','3','Háº£i ÄÄƒng'
'322222','','Má»›i mua con nÃ y hÃ´m 23/9 mÃ  hÃ´m sau giÃ¡ giáº£m thÃªm 500k tiáº¿c ghÃª. Vá» hiá»‡u nÄƒng thÃ¬ trong táº§m giÃ¡ nÃ y con nÃ y cÃ³ cáº¥u hÃ¬nh ok nháº¥t rá»“i. Má»—i tá»™i bÃ n phÃ­m báº¥m cá»©ng hÆ¡i nÃ´ng vÃ  quáº¡t kÃªu hÆ¡i to. 9/10','4','Nguyá»…n Huy Tuáº¥n'
'322222','','','5','bÃ¹i táº¥n Ä‘Ã´'
'310449','','ÄÃ£ mua vÃ  sá»­ dá»¥ng hÆ¡n 1 thÃ¡ng cáº£m nháº­n mÃ¡y cháº¡y tá»‘t, Ãªm mÆ°á»£t, cáº¥u hÃ¬nh tá»‘t trong táº§m tiá»n.LÃºc mua mÃ¡y nÃ y táº¡i ÄMX Ä‘Æ°á»£c giáº£m 600k Ä‘á»•i Ä‘iá»ƒm thi tá»‘t nghiá»‡p THPT QG vÃ  giÃ¡ bÃ¡n vÃ  Ä‘Æ°á»£c táº·ng 1 nÄƒm gÃ³i Microsoft 365.Ráº¥t cáº£m Æ¡n anh HÃ¹ng táº¡i ÄMX thá»‹ tráº¥n Má» CÃ y Nam Báº¿n Tre há»— trá»£, tÆ° váº¥n nhiá»‡t tÃ¬nh cho em máº«u laptop nÃ y áº¡','5','Tráº§n Minh Hiáº¿u'
'310449','','Táº¡m thÃ´i','3','BÃ¹i Äá»©c TÃ¢m'
'310449','','Táº¡m á»•n','3','LÃª Thuyá»n'
'310449','','MÃ¬nh dÃ¹ng 3 ngÃ y tháº¥y á»•n áº¡ Ä‘á»£i vÃ i thÃ¡ng ná»¯a má»›i cáº£m nháº­n dc háº¿t áº¡.','4','Äá»©c Thá»‹nh'
'310449','','','4','DuyÃªn'
'310449','','','4','A Trung'
'310449','','','5','HoÃ ng Tiáº¿n DÅ©ng'
'328237','','Cho em há»i lÃ  sáº£n pháº©m nÃ y Ä‘Æ°á»£c báº£o hÃ nh pháº§n má»m trá»n Ä‘á»i Ä‘Ãºng khÃ´ng áº¡','5','Äá»©c Máº¡nh'
'328237','','cho e há»i láº¯p thÃªm á»• cá»©ng Ä‘Æ°á»£c ko áº¡','5','tráº§n Ä‘á»©c anh'
'328237','','MÃ¡y nÃ³ng mÃ¡y chÆ°a cÃ i thÃªm á»©ng dá»¥ng nÃ o nhÆ°ng khá»Ÿi Ä‘á»™ng cháº­m, má»›i mua Ä‘Æ°á»£c 33 ngÃ y mÃ  hÃ´m nay pháº£i gá»­i lÃªn hÃ£ng Ä‘á»ƒ báº£o hÃ nh thá»i gian báº£o hÃ nh tá»›i 15 ngÃ y . tháº¥y nhÃ¢n viÃªn bÃ¡o lá»—i Win.','3','Há»“ Viáº¿t ThÃ¢n'
'328237','','cáº¥u hÃ¬nh cÅ©ng nhÆ° thiáº¿t káº¿ khÃ¡ á»•n, tuy nhiÃªn thá»i gian khá»Ÿi Ä‘á»™ng mÃ¡y khÃ¡ lÃ¢u, nháº¥n nÃºt nguá»“n xong khoáº£ng 10s sau má»›i sÃ¡ng Ä‘Æ°á»£c mÃ n hÃ¬nh, lÃ m mÃ¬nh cá»© tÆ°á»Ÿng lÃ  áº¥n ko Äƒn phÃ­m nguá»“n','4','Nguyá»…n Tháº¯ng'
'328237','','MÃ¡y khÃ¡ gá»n so vs má»™t chiáº¿c laptop 16 inch thÃ´ng thÆ°á»ng, mua vá» Ä‘á»ƒ xem phim ms phÃ¡t hiá»‡n Ä‘á»™ phá»§ mÃ n hÃ¬nh cÃ³ 45%, hÆ¡i tiáº¿c chá»• nÃ y thÃ´i cÃ²n láº¡i á»•n','5','NgÃ´ Háº±ng Ni'
'328237','','MÃ¡y ngoáº¡i hÃ¬nh vÄƒn phÃ²ng, nhÆ°ng hiá»‡u nÄƒng gaming, mua mÃ¡y nÃ y Ä‘á»ƒ dÃ¹ng cho cÃ´ng viá»‡c lÃ  dÆ° sá»©c. Tuy nhiÃªn mÃ¡y má»›i mua cÃ³ thá»i gian khá»Ÿi Ä‘á»™ng cháº­m. Tuy Ä‘Ã£ cáº¯m sáº¡c rá»“i má»›i má»Ÿ mÃ¡y nhÆ°ng khoáº£ng 10s má»›i lÃªn nguá»“n.','4','Andy'
'328237','','MÆ°á»£t mÃ  má»i tÃ¡c vá»¥, hÆ¡i nÃ³ng mÃ¡y, pin tuá»™t hÆ¡i nhanh, sd liÃªn tá»¥c táº§m 3 4 tiáº¿ng','4','Há»“ Huá»³nh Äá»©c'
'328237','','Loa hÆ¡i nhá» thÃ´i, mÃ¡y xÃ i ok áº¡','4','Vivi'
'328237','','mÃ¡y ráº¥t mÆ°á»£t, hÆ¡i nÃ³ng xÃ­u, tá»•ng thá»ƒ ráº¥t ok mÆ°á»£t, Ä‘áº¹p','5','Hiáº¿u'
'328237','','Má»›i mua dÃ¹ng tháº¥y á»•n. MÃ¡y cháº¡y Ãªm, cháº¡y Ä‘a nhiá»‡m tá»‘t','5','thanh dat'
'328237','','','5','Nguyá»…n VÄƒn QuÃ¢n'
'326861','','con nÃ y nÃ¢ng cáº¥p tá»‘i Ä‘a ssd lÃ  bao nhiÃªu','5','TÃ¢m'
'326861','','MÃ¬nh má»›i mua mÃ¡y thÃ¡ng trÆ°á»›c 19/03. CÃ³ chá»n gÃ³i khuyáº¿n mÃ£i gÃ³i Microsoft 365 Personal 1 user 32bit/x64 All Languages APAC EM. CÃ³ nhá» nhÃ¢n viÃªn nháº­p key cho mÃ¬nh vÃ o tÃ i khoáº£n microsoft nhÆ°ng nay má»Ÿ word lÃªn bÃ¡o active key. ThÃ¬ mÃ¬nh liÃªn há»‡ ai Ä‘á»ƒ Ä‘Æ°á»£c há»— trá»£ áº¡. Váº¥n Ä‘á» lÃ  mÃ¬nh truy cáº­p xem láº¡i chi tiáº¿t Ä‘Æ¡n hÃ ng mua key thÃ¬ ko cÃ³ lÆ°u key mÃ¬nh Ä‘Ã£ mua nÃªn khÃ´ng cÃ³ cÃ¡ch nÃ o check láº¡i.','4','TrÆ°Æ¡ng Quang Ãnh'
'326861','','Sao chÆ¡i game Ä‘á»™t kÃ­ch nÃ³ bá»‹ vÄƒng ra khá»i mÃ n hÃ¬nh tháº¿ Ã¡ , khÃ³ chá»‹u tháº­t sá»±','5','Tháº¿ LÃ¢m'
'326861','','Cho em há»i chiáº¿c nÃ y Win 11 lÃ  báº£n quyá»n Ä‘Ãºng khÃ´ng áº¡. Nay mÃ¡y tÃ­nh bÃ¡o activate window.','5','Chu Thanh TÃ¹ng'
'326861','','mÃ¡y má»›i mua nhÆ°ng má»—i láº§n quáº¡t táº£n nhiá»‡t khá»Ÿi Ä‘á»™ng phÃ¡t tiáº¿ng táº¹c','3','Mai VÄƒn Giang'
'326861','','Pin sao nhanh háº¿t quÃ¡ z cÃ³ cÃ¡ch nÃ o kháº¯c phá»¥c hk','3','TrÆ°Æ¡ng quá»‘c vÄ©'
'326861','','pin nhanh tá»¥t quÃ¡','4','HÃ '
'326861','','MÃ¡y choi game nÃ³ng qa','4','TÃ¢m'
'321467','','','5','HoÃ i'
'282827','','Em cÃ³ mua MacBook Air m2 bÃªn mÃ¬nh, táº¥t cáº£ má»i thá»© Ä‘á»u á»•n nhÆ°ng sao máº¥y hÃ´m nay em má»Ÿ mÃ¡y báº±ng 1 tay báº£n lá» nÃ³ hÆ¡i bá»‹ cá»©ng xÃ­u má»Ÿ khÃ´ng Ä‘Æ°á»£c áº¡','5','Nguyen Trong Nhan'
'282827','','Tá»‘t','5','Nguyá»…n PhÆ°Æ¡ng Nam'
'282827','','ad cho e há»i e má»›i mua MacBook chiá»u hÃ´m qua 24/3 , vÃ¬ day la láº§n Ä‘áº§u sÃ i Mac e su dá»¥ng Ä‘c táº§m 10 phÃºt , nhÃ© 2 3 bÃ i nháº¡c lÃ  phÃ­a dÆ°á»›i mÃ¡y nÃ³ng láº¯m , e co cáº§n Ä‘em mÃ¡y lÃªn cho minh kiÃªm tra ko áº¡ .','3','Äá»— Má»™ng Kiá»u Oanh'
'282827','','Phá»¥c vá»¥ kÃ©m','1','TrÃºc'
'282827','','MÃ¡y cháº¡y quÃ¡ nhanh. MÃ n hÃ¬nh Ä‘áº¹p. Phá»¥c vá»¥ TGDD quÃ¡ tuyá»‡t vá»i.','5','Cao Thanh TÃ¹ng'
'282827','','Tá»‘t','4','LÃª Anh Khoa'
'282827','','TÃ´i mua macbook Air M2 qua sá»­ dá»¥ng á»Ÿ tgdd Ä‘Ã£ Ä‘Æ°á»£c hÆ¡n 1 tuáº§n, cÃ²n báº£o hÃ nh Ä‘áº¿n 19/7/2024, nhÆ°ng check nhiá»u láº§n thÃ¬ trÃªn há»‡ thá»‘ng khÃ´ng nháº­n ra thá»i gian báº£o hÃ nh cÃ²n láº¡i.TrÆ°á»ng há»£p nÃ y pháº£i lÃ m sao','5','Há»“ Thanh NhÃ n'
'282827','','Sáº¡c pin hay bá»‹ ko vÃ o Ä‘iá»‡n','3','KhÃª Thá»‹ Ngá»c Liá»…u'
'282827','','mÃ¬nh mua mÃ¡y tá»« Ä‘áº§u thÃ¡ng 7/2023 nhÆ°ng nay mÃ n hÃ¬nh bá»‹ váº¥n Ä‘á» Ã¡m mÃ u, nhÃ¬n ráº¥t lÃ  khÃ³ chá»‹u luÃ´n Ã­.','2','Linh'
'282827','','MÃ¡y Ä‘áº¹p sá»­ dá»¥ng lÃ m viá»‡c nhanh gá»n thiáº¿t káº¿ sang trá»ng Ä‘Ã¡ng mua.','5','Nguyá»…n Nhá»±t Minh'
'282827','','tuyá»‡t','5','LÃª Äá»©c TrÃ­'
'282827','','Tá»‘t','5','HoÃ ng Thá»‹ Thuá»³ Linh'
'282827','','Ok','5','Anh HoÃ '
'282827','','sp tá»‘t','5','Tráº§n Nguyá»…n Thanh Maii'
'282827','','MÆ°á»£t nhÆ° Sunsilk nha . Ngon hÆ¡n nyc . MÃ u Ã¡nh starlight nÃ y sang xá»‹n má»‹n','5','PhÆ°Æ¡ng Anh'
'282827','','Good','5','Anh KhÃ¡nh'
'282827','','sd ráº¥t oke lun','5','Nguyá»…n Báº£o Há»“ng'
'282827','','MÃ¬nh cáº£m tháº¥y ráº¥t hÃ i lÃ²ng áº¡.','5','Em PhÆ°á»£ng'
'282827','','Sáº£n pháº©m tá»‘t','5','Nguyá»…n Thá»‹ Ãnh Há»“ng'
'282827','','MÃ¡y Ä‘áº¹p cháº¡y tá»‘t.','4','PHÃ™NG KIM CÆ¯Æ NG'
'282827','','Tá»‘t','5','QuÃ½'
'282827','','Tá»‘t','4','Chá»‹ Thá»§y'
'282827','','Tá»‘t','5','TrÃ­ DÅ©ng'
'282827','','ÄÆ°á»£c','5','Giang'
'282827','','Ráº¥t nhiá»‡t tÃ¬nh. VÃ  sáº£n pháº©m tá»‘t','5','nguyá»…n Ä‘am ninh'
'282827','','ráº¥t Ä‘áº¹p, phá»¥c vá»¥ ráº¥t hÃ i lÃ²ng','5','VÅ© Ngá»c Háº£i'
'282827','','Tuyet voi','5','Chá»‹ An'
'282827','','Ok','5','Nguyá»…n Trung KiÃªn'
'282827','','Pin sÃ i lÃ¢u','4','Trung'
'282827','','Táº¡m á»•n xÃ i tá»‘t','4','ÄoÃ n'
'282827','','tá»‘t','5','Chá»‹ Nhung'
'282827','','Ok','5','Nguyá»…n Quang Äáº¡i'
'282827','','ok','5','Mai'
'282827','','tá»‘t,Ä‘áº¹p','5','Anh NguyÃªn'
'282827','','OK','5','Trang'
'282827','','XÃ i ngon, hÆ¡i bÃ¡m vÃ¢n tay, cháº¡y á»•n, pin trÃ¢u','5','Anh Tuáº¥n Anh'
'282827','','MÃ¡y Ä‘áº¹p, cháº¥t lÆ°á»£ng, ráº¥t hÃ i lÃ²ng','5','Thu Hiá»n'
'282827','','Sáº£n pháº©m ráº¥t tá»‘t vÃ  Ä‘áº¹p','5','Nguyá»…n Ngá»c QuÃ¢n'
'282827','','MÆ°á»£t mÃ ','4','PhÃº'
'282827','','.','5','Duy'
'282827','','MÃ¡y Ä‘áº¹p. ÄÃºng mÃ u mÃ¬nh thÃ­ch. 2 tuáº§n tráº£i nghiá»‡m ok NhÃ¢n viÃªn nhiá»‡t tÃ¬nh.','5','Trinh'
'282827','','MÃ¬nh Ä‘áº·t hÃ ng vÃ  thanh toÃ¡n online, nhÃ¢n viÃªn giao hÃ ng táº­n tÃ¢m nhiá»‡t tÃ¬nh. cáº©n tháº­n khi giao hÃ ng. mÃ¡y Ä‘áº¹p dÃ¹ng xin xÃ². mua lÃºc xáº£ kho Ä‘c giÃ¡ Æ°u Ä‘Ã£i 1tr lÃ  quÃ¡ mÃ£n nguyá»‡n','5','BÃ¬nh'
'282827','','Ok','5','La Ta'
'282827','','mÆ°á»£t láº¯m, mÃ u mÃ¡y ráº¥t Æ°ng','5','BÃ¬nh'
'282827','','TÃ´i ráº¥t hÃ i long','5','Nguyá»…n Vá»¯ng Bá»n'
'282827','','Ok. HÃ ng cháº¥t lÆ°á»£ng tá»‘t.','5','Äá»— Thá»‹ NhÆ° Ngá»c'
'282827','','TrÆ°á»›c khi mua mÃ¬nh cÃ³ tham kháº£o má»™t sá»‘ báº¡n lÃ m YouTube Ä‘Ã¡nh giÃ¡ khÃ´ng cao vá» MacBook Air M2 nhÆ°ng sau 2 tuáº§n tráº£i nghiá»‡m tháº­t sá»± khÃ´ng há»‘i tiáº¿c vá» quyáº¿t Ä‘á»‹nh cá»§a mÃ¬nh.','5','Chá»‹ VÃ¢n'
'282827','','Tá»‘t','4','Tiáº¿n'
'282827','','Tá»‘t','4','Tiáº¿n'
'282827','','Good.','5','Nguyá»…n Quang Duy'
'282827','','SiÃªu Ä‘á»‰nh. ÄÃ¡ng Ä‘á»“ng tiá»n bÃ¡t gáº¡o','5','Trung'
'282827','','Ráº¥t ngon','5','Anh Thiá»‡n'
'282827','','Good!!','5','Danh Cuong Anh'
'282827','','Sáº£n pháº©m ráº¥t tá»‘t','5','Anh Linh'
'282827','','Tá»‘t','4','Anh Thiá»‡n'
'282827','','Láº§n Ä‘áº§u xÃ i mac, cáº£m tháº¥y ráº¥t mÆ°á»£t, chuá»™t cÃ³ nhiá»u tÃ­nh nÄƒng ráº¥t hay','5','Danh Cuong Anh'
'282827','','','5','Nguyá»…n Ngá»c Quá»³nh'
'282827','','','5','Nguyá»…n HoÃ ng Vinh'
'282827','','','5','TÆ°á»ng'
'282827','','','5','Nguyá»…n Thá»‹ Yáº¿n Nhi'
'282827','','','5','DÆ°Æ¡ng Quá»‘c ThÃ¡i'
'282827','','','5','LÃ½ Quá»‘c Sá»±'
'282827','','','5','Chu ÄÃ¬nh DÆ°Æ¡ng'
'282827','','','5','LÃŠ HOÃ€I THU'
'282827','','','5','Ngá»c'
'282827','','','3','Äáº¡t huá»³nh'
'282827','','','5','Nguyá»…n Ngá»c LÃ¢m'
'282827','','','4','QuyÃªn'
'282827','','','4','Nguyá»…n Quang TÆ°á»ng'
'282827','','','5','ANH NGUYá»„N VÄ‚N PHÃš'
'282827','','','4','Minh'
'282827','','','5','Phuc'
'282827','','','4','Anh Tháº¯ng'
'282827','','','4','Viá»‡t'
'282827','','','5','BÃ¹i Äá»©c NhÃ£'
'282827','','','5','Äinh Minh TrÃ­'
'282827','','','4','Thá»‹nh'
'282827','','','4','Pháº¡m Quá»³nh An'
'282827','','','5','Nguyá»…n Táº¥n Nháº¥t Duy'
'318163','','MÃ n hÃ¬nh bá»‹ lá»—i cÃ³ báº£o hÃ nh Ä‘ucowj khÃ´ng','4','Nui'
'318163','','Lap dÃ¹ng á»•n khi chÆ¡i game, lÃ m tÃ¡c vá»¥ vÄƒn phÃ²ng mÆ°á»£t, Ä‘iá»ƒm trá»« i5 sá»­ dá»¥ng hÆ¡i nÃ³ng, thá»i lÆ°á»£ng pin hÆ¡i bá»‹ tuá»™c nhanh pháº£i chÄƒn lÃ  dÃ²ng Gaming nÃ³ nhÆ° tháº¿, cÃ²n láº¡i thÃ¬ váº«n á»•n Ä‘á»‘i vá»›i tÃ´i lÃ  váº­y','4','Nguyá»…n ChÃ­ Vá»¹'
'318163','','KhÃ´ng nÃªn mua con nÃ y.DÃ¹ng vÃ i thÃ¡ng Ä‘Ã£ sáº¡c khÃ´ng vÃ´, loa lÃºc nghe lÃºc khÃ´ng rá»“i sáº­p nguá»“n luÃ´n, báº£o hÃ nh hÃ£ng thay cáº£ mainBáº£n lá» yáº¿u, mÃ n hÃ¬nh rung ring. Cam khÃ´ng há»• trá»£ face ID','2','CÆ°á»ng'
'318163','','Tá»‘t Ä‘Ã¡ng mua','5','Nguyá»…n ChÃ­ TÃ¢m'
'318163','','','5','Nguyá»…n XuÃ¢n ToÃ n'
'318163','','','4','Tráº§n Thá»‹ Ngá»c KhuyÃªn'
'328906','','TÃ¡c vá»¥ vÄƒn phÃ²ng tá»‘t.mua Ä‘Ãºng ngÃ y cuá»‘i giáº£m giÃ¡ há»— trá»£ vÃ¹ng bÃ£o lÅ© mÃ¡y cÃ²n 8tr900','5','Pháº¡m Thu Háº£o'
'330932','','MÃ¡y khá»Ÿi Ä‘á»™ng nhanh . OK','4','Nguyá»…n Tiáº¿n Äáº¡t'
'330932','','Máº·c dÃ¹ cáº¥u hÃ¬nh gáº¥p 4 láº§n cÃ¡i pc build 10 cá»§ há»“i 2 nÄƒm trc nhÆ°ng tráº£i nghiá»‡m váº«n k mÆ°á»£t báº±ng','4','Nguyá»…n VÅ© NhÃ¢n'
'322082','','M mua mÃ¡y Ä‘Æ°á»£c 28 ngÃ y khi táº¯t mÃ¡y xong.lÃºc cáº§n báº­t láº¡i mÃ¡y bÃ¡o lá»—i táº¯t mÃ¡y vÃ  bÃ¡o cÃ i láº¡i win.tÃ´i muá»‘n biáº¿t chÃ­nh sÃ¡ch báº£o hÃ nh nhÆ° nÃ o áº¡','3','BÃ¹i Thá»‹ ThÃ¹y Anh'
'322082','','GiÃ¡ ráº» tá»‘t, mÃ¡y cháº¡y siÃªu Ãªm, hÃ´m mÃ¬nh mua cÃ³ chuwong trÃ¬nh cho tÃ¢n sinh viÃªn nÃªn Ä‘Æ°á»£c giáº£m ráº¥t nhiá»u','5','MAI Há»®U Báº°NG'
'322082','','MÃ¡y ngon, giÃ¡ ráº». Tráº£i nghiá»‡m tá»‘t. NhÃ¢n viÃªn tÆ° váº¥n chuyÃªn nghiá»‡p','5','Phan Thanh Há»“ng'
'322082','','Má»›i mua Ä‘c 2 ngÃ y thÃ¬ giÃ¡ mÃ¡y láº¡i giáº£m 500k, máº¥t giÃ¡ nhanh giá»¯ váº­y sao','3','Trá»‹nh quá»‘c huy'
'333103','','','5','Pháº¡m Huyá»n'
'317704','','dÃ¹ng Ä‘Æ°á»£c táº§m 2 thÃ¡ng mÃ  dÃ¹ng Ã­t vÃ i ngÃ y má»›i dÃ¹ng 1 láº§n má»Ÿ mÃ¡y lÃªn lÃ¢u pháº£i táº§m 1015s','3','quá»³nh'
'317704','','hÃ ng ok áº¡. mÃ¡y cháº¡y trÆ¡n tuá»“n tuá»™t + mÃ¡t.','5','Nguyen Quoc Tung'
'317704','','Sp nhá», gá»n, tiá»‡n lá»£i','4','Nguyá»…n Thá»‹ Tháº£o Linh'
'317704','','Ok','5','Minh Tuyáº¿t'
'317704','','Cháº¥t lÆ°á»£ng ráº¥t tá»‡.','1','Chá»‹ Háº±ng'
'317704','','','4','Anh Phiá»‡n'
'314630','','mÃ¡y mÃ¬nh mua hÃ¬nh nhÆ° bÃªn trong linh kiá»‡n bá»‹ rÆ¡i vÃ¬ má»—i láº§n mÃ¬nh cáº¥t laptop vÃ o balo thÃ¬ khi nÃ¢ng mÃ¡y lÃªn vÃ  nghiÃªng mÃ¡y cÃ³ tiáº¿ng váº­t gÃ¬ lÄƒn trong mÃ¡y. NgoÃ i ra Ä‘Ã¨n bÃ n phÃ­m mÃ¬nh cÃ³ phÃ­m space khÃ´ng sÃ¡ng Ä‘Ã¨n','3','Phan BÃ¡ Äáº¡t'
'314630','','Laptop mÃ¬nh dÃ¹ng pháº£i cÃ³ sáº¡c má»›i má»Ÿ Ä‘Æ°á»£c cÃ²n khi rÃºt sáº¡c lÃ  táº¯t lÃ  sao váº­y ad','3','Äinh VÃµ Quá»‘c Viá»‡t'
'314630','','MÃ¡y sÃ i Ä‘Æ°á»£c 6 thÃ¡ng thÃ¬ gim vÃ o thÃ¬ mÃ¡y sÃ i Ä‘Æ°á»£c rÃºt ra thÃ¬ cÃºp nguá»“n pin khÃ´ng hiá»‡n','3','Nguyá»…n Thá»‹ Nhu Má»¹'
'314630','','MÃ¡y Ä‘áº¹p nhÆ°ng hay bá»‹ lá»—i wifi, tÃ´i khÃ´ng Ä‘Ã¡nh giÃ¡ cao sá»± phá»¥c vá»¥ cá»§a nhÃ¢n viÃªn cá»­a hÃ ng á»Ÿ Ä‘Ã¢y.','3','Huá»³nh VÅ© TÆ°á»ng'
'314630','','mÃ¬nh vá»«a mua chiá»u nay, khi má»Ÿ cÃ¹ng lÃºc tab google meet Ä‘Ã£ táº¯t mic vÃ  táº¯t cam vÃ  youtube thÃ¬ bÃªn youtube khÃ´ng thá»ƒ nghe nháº¡c Ä‘Æ°á»£c, Ã¢m thanh tá»‡ hÆ¡n lÃºc bÃ¬nh thÆ°á»ng vÃ  bá»‹ máº¥t tiáº¿ng nháº¡c ná»n, chá»‰ nghe Ä‘Æ°á»£c tiáº¿ng hÃ¡t nhÆ°ng cÅ©ng bá»‹ rÃ¨. Mong Ä‘Æ°á»£c há»— trá»£ áº¡','3','Nguyá»…n Thá»‹ Kiá»u Loan'
'314630','','MÃ¡y dÃ¹ng ok, nhÆ°ng cáº¯m sáº¡c pháº£i xoay ngÆ°á»£c xoay xuÃ´i má»›i nháº­n. Cho mÃ¬nh há»i mÃ¡y nÃ y láº¥y cá»¥c sáº¡c type C sáº¡c Ä‘Æ°á»£c khÃ´ng vÃ  nÃªn mua cá»¥c sáº¡c type C cÃ³ thÃ´ng sá»‘ nhÆ° tháº¿ nÃ o','3','HoÃ ng VÄƒn Lá»™c'
'314630','','mÃ¡y ráº¥t á»•n nhÆ°ng cÅ©ng má»™t sá»‘ trá»¥c tráº·c','4','LÃª VÄƒn PhÃºc'
'314630','','máº·t kÃª tay vÃ  pháº§n máº·t bÃ n phÃ­m bá»‹ tráº§y ráº¥t nhiá»u máº·c dÃ¹ cÃ³ vá»‡ mÃ¡y ráº¥t kÄ© xÆ°á»›c dÄƒm vÃ  mÃ¬nh sá»­ dá»¥ng Ä‘Æ°á»£c 4 thÃ¡ng, trÃ³c sÆ¡n nhanh lá»Ÿm chá»Ÿm cÃ²n láº¡i sá»­ dá»¥ng ráº¥t ngon lÃ¢u lÃ¢u bá»‹ khá»±ng nháº¹ nhÆ°ng khÃ´ng Ä‘Ã¡ng ká»ƒ náº¿u tÃ i chÃ­nh táº§m 17tr thÃ¬ em nÃ y cÃ³ i5 gen 13 + rtx 2050+ ram 16gb sáºµn thÃ¬ há»£p lÃ­ rá»“i ngoáº¡i hÃ¬nh Ä‘áº¹p nhÆ°ng dá»… tráº§y xÆ°á»›c','2','LÃª VÄƒn DÅ©ng'
'314630','','Con chá»‹ sá»­ dá»¥ng cÅ©ng OK láº¯m.','5','Nguyá»…n Thá»‹ Há»“ng Mai'
'314630','','nÃºt f5 trÃªn mÃ¡y lÃ  giáº£m Ä‘á»™ sÃ¡ng mÃ n hÃ¬nh, lÃ m sao chá»‰nh cho nÃ³ thÃ nh refresh láº¡i áº¡','5','BÃ¹i CÃ¡t VÅ©'
'314630','','Khi ghim sáº¡c vá» mÃ¡y bá»‹ rÃ² Ä‘iá»‡n, khi sá» tay vÃ o cÃ³ cáº£m giÃ¡c bá»‹ tÃª tay. Vá»«a mua 25/02/2024, cÃ¡i nÃ y do mÃ¡y bá»‹ lá»—i hay lÃ  mÃ¡y nÃ o cÅ©ng váº­y ad.','4','TÃ¢n'
'314630','','MÃ¡y dÃ¹ng á»•n trong phÃ¢n khÃºc nhÆ°ng MÃ¬nh nghÄ© nÃªn bá» cÃ¡i balo Ä‘i. VÃ¬ cÃ¡i balo lÃ  nguyÃªn nhÃ¢n gÃ¢y xÆ°á»›c mÃ¡y ae áº¡. CÃ¡i balo thiáº¿t káº¿ nhÃ¬n cháº¯c cháº¯n nhÆ°ng pháº§n Ä‘Ã¡y cÃ³ 2 con á»‘c ráº¥t sáº¯c cáº¡nh. MÃ  khÃ´ng lÃ³t xá»‘p á»Ÿ Ä‘Ã¡y chá»‰ cÃ³ 1 lá»›p váº£i má»ng nÃªn khi Ä‘á»ƒ lap con á»‘c cá» vÃ o gÃ¢y xÆ°á»›c vÃ  mÃ³p mÃ¡y ae Ä‘á»ƒ Ã½ nhÃ©.','4','Anh NgÃ´ VÅ© Viá»‡t HoÃ ng'
'314630','','Má»›i mua mÃ  lÃ m cÃ³ cÃ¡i excel Ä‘Æ¡n giáº£n mÃ  cÅ©ng lá»—i , loa rÃ¨ luÃ´n','2','LÃª Thá»‹ Song HÆ°Æ¡ng'
'314630','','Má»›i xÃ i nÃªn tháº¥y á»•n ok','4','Nguyá»…n Thá»‹ BÃ­ch ChÄƒm'
'314630','','MÃ¡y mÃ¬nh khi call video thÃ¬ má»Ÿ thÃªm tab youtube sáº½ bá»‹ lá»c máº¥t nháº¡c ná»n. Chuyá»ƒn tab mÃ n hÃ¬nh tráº¯ng nhÆ° zalo thÃ¬ sáº½ bá»‹ má» má» nháº¹ rá»“i má»›i hiá»‡n rÃµ','3','TRáº¦N THá»Š TUá»†'
'314630','','Ráº¥t tá»‘t, nhÃ¢n viÃªn nhiá»‡t tÃ¬nh, tÆ° váº¥n cÃ¡c gÃ³i khuyáº¿n mÃ£i vÃ  giáº£m giÃ¡...','5','Tráº§n Tiáº¿n Äáº¡t'
'314630','','cÃ³ ai dÃ¹ng cpuz kiá»ƒm tra ram cÃ³ hiá»ƒn thá»‹ dual khÃ´ng mn minh ktra thÃ¬ nÃ³ chá»‰ hiá»ƒn thá»‹ 16gb khÃ´ng hiá»‡n gÃ¬ khÃ¡c thÃªm. mÃ¬nh mua laptop ngÃ y 24/11','4','Há»¯u'
'314630','','dáº¡ ráº¥t tá»‘t cáº¥u hÃ¬nh cÅ©ng ráº¥t máº¡nh máº½ mÆ°á»£t mÃ  trong phÃ¢n khÃºc áº¡','5','Äá»— Ngá»c UyÃªn'
'314630','','good','5','Nghiá»‡p'
'314630','','MÃ¡y build ngon, cá»©ng cÃ¡p, cáº¥u hÃ¬nh á»•n, mÃ n hÃ¬nh Ä‘áº¹p + trackpad to, nhiá»‡t Ä‘á»™ giá»›i háº¡n á»Ÿ 60 70 Ä‘á»™ C nhÆ°ng game váº«n khoáº».Váº¥n Ä‘á» lÃ , trÃªn page TGDÄ ghi ráº±ng cÃ²n há»— trá»£ 1 khe SSD M.2 NVME Gen 4 nhÆ°ng khi mÃ¬nh má»Ÿ ra check thÃ¬ chá»‰ cÃ³ Gen 3 thÃ´i. Mong TGDÄ ghi rÃµ thÃ´ng tin hÆ¡n láº§n sau.','5','NgÃ´ Ngá»c CÆ°á»ng'
'314630','','Tá»‘t.','5','Anh ChÃ­nh'
'314630','','','4','LÃª Táº¥t LÃ¢m'
'314630','','','4','A HÆ°ng'
'314630','','','4','Anh VÅ©'
'314630','','','5','BÃ¹i Anh Tuáº¥n'
'314630','','','5','Tuáº¥n An'
'314630','','','5','Anh ChÃ­nh'
'314630','','','3','Nguyá»…n VÄƒn ChÃ­'
'314630','','','5','LÃª ThÃ nh PhÃº'
'326279','','','5','Phan Há»“ng QuÃ¢n'
'330162','','Ko nghÄ© mÃ¡y dÃ¹ng pháº§n má»m AI ko ná»•i lunn Ã¡ VÃ o pháº§n má»m Ä‘c xÃ­uu thÃ¬ báº¯t Ä‘áº§u giáº­t lagXong tá»›i bá»¯a nay lÃ  Ä‘Æ¡ háº¿t mÃ¡y lunNhiá»u lÃºc Ä‘ang deadline mÃ  lag nhÆ° z rat bá»©c xÃºc MÃ¡y má»›i mua há»“i thÃ¡ng 11 2024 chá»‰ cÃ i vÃ i pháº§n má»m thiáº¿t káº¿ 2D','2','Äá»— Nguyá»…n Minh Äá»©c'
'325247','','Lá»—i nhiá»u khÃ´ng nÃªn mua.','1','Nguyá»…n HoÃ ng'
'325247','','','5','Nháº­t má»¹'
'321436','','nÃ¢ng cáº¥p Ä‘c tá»‘i Ä‘a 32gb ram chá»© ko pháº£i 64gb nhÃ© mn mÃ¡y quáº¡t hÆ¡i á»“n, mÃ¬nh mua Ä‘á»ƒ code thÃ¬ ok, ai mua Ä‘á»ƒ chÆ¡i game náº·ng thÃ¬ ko nÃªn','5','Äáº¡t'
'321436','','Cáº¥u hÃ¬nh khoáº», build cháº¯c cháº¯n, pin dÃ¹ng lÃ¢u, nÃªn mua nhÃ© mn','5','ThiÃªn SÆ¡n'
'321436','','Cáº¥u HÃ¬nh máº¡nh máº½, ai cáº§n loa lá»›n thÃ¬ mua thÃªm loa má»›i ok ,phÃ­m dá»… gÃµ.','5','Pháº¡m Long'
'321436','','NÃ¡y tá»‘t, ngon','5','Huá»³nh Quá»‘c Minh'
'321436','','Tá»‘t','4','Tran Ngoc Tuyen'
'321436','','MÃ¡y dÃ¹ng tá»‘t cáº£m Æ¡n tháº¿ giá»›i di Ä‘á»™ng','4','Pháº¡m Tuáº¥n Äáº¡t'
'321436','','','4','Nguyá»…n ThÃ nh Tá»±u'
'322073','','MÃ¡y xÃ i ok','4','VÆ°Æ¡ng'
'323325','','NgÃ y 29/6 tÃ´i cÃ³ mua chiáº¿c Laptop HP 240 G10 Laptop HP 240 G10 i5 1335U/16GB/512GB/Win11 9H2E4PT táº¡i TGDD Ã‚u CÆ¡, tráº£i qua hÆ¡n 1 thÃ¡ng sá»­ dá»¥ng máº¡ng hÃ¬nh hiá»‡n lÃªn nhá»¯ng vá»‡t sÃ¡ng nhÆ° hÃ¬nh Ä‘Ã­nh kÃ¨m QuÃ¡ trÃ¬nh sá»­ dá»¥ng ráº¥t cáº©n tháº­n khÃ´ng lÃ m rÆ¡i hay va cháº¡m/cáº¥n...Vui lÃ²ng cho tÃ´i biáº¿t chÃ­nh sÃ¡ch 1 Ä‘á»•i má»™t nhÆ° tháº¿ nÃ o.','1','Nguyá»…n HoÃ ng Tuá»‡ Minh'
'326876','','Sáº£n pháº©m ráº¥t tá»‘t, giÃ¡ thÃ nh há»£p lÃ­','5','Nguyá»…n VÄƒn Äáº¡t'
'326876','','Sáº£n pháº©m tá»‘t, má»ng, nháº¹, font chá»¯ Ä‘áº¹p, mÃ¡y cháº¡y nhanh.','5','Háº£i'
'326876','','Sp tá»‘t nhÃ¢n viÃªn tÆ° váº¥n nhiá»‡t tÃ¬nh','5','Nguyá»…n Tháº¿ QuÃ¢n'
'326876','','mÃ¡y má»ng nháº¹ 10 Ä‘iá»ƒm','5','NgÃ´ Hiá»‡p PhÃ¡t'
'326122','','MÃ¡y máº¡nh mÃ  chÆ°a bao giá» cháº¡y Ä‘Æ°á»£c 20% cpu, dÃ¹ cháº¡y tÃ¡c vá»¥ náº·ng nhÆ° camtasia hay capcut xuáº¥t video 4k','3','DÆ°Æ¡ng'
'312414','','Touchpad lá»—i pháº§n cá»©ng nhÆ°ng váº«n cá»‘ bÃ¡n. ÄÃ£ Ä‘á»•i 3 cÃ¡i.','1','Pháº¡m vÄƒn cÃ´ng'
'312414','','MÃ¡y má»›i mua Ä‘Ã£ bá»‹ lá»—i, gá»i ká»¹ thuáº­t khÃ´ng báº¯t mÃ¡y, CSKH ráº¥t tá»‡, tÃ´i vá» khuyÃªn má»i ngÆ°á»i xung quang khÃ´ng nÃªn mua á»Ÿ TGDÄ, thÃ nh tháº­t tháº¥t vá»ng','1','Tin Nguyen'
'312414','','tÃ´i mua mÃ¡y nÃ y thÃ¡ng 7/2024 Ä‘i báº£o hÃ nh 2 láº§n hiá»‡n táº¡i mÃ n hÃ¬nh váº«n bá»‹ Ä‘en mÃ¡y váº«n bá»‹ lÃ´i . hÃ£ng Asus báº£o hÃ nh ráº¥t tá»‡ cÃ²n thá»ƒ giá»›i di Ä‘á»™ng cá»‘t chá»‰ bÃ¡n hÃ ng thÃ´i','1','Nguyen sac Dien'
'312414','','xin cÃ¡ch má»Ÿ Ä‘Ã¨n bÃ n phÃ­m','5','tháº£o'
'312414','','lÃºc má»›i mua vá» thÃ¬ touchpad cÅ©ng mÆ°á»£t láº¯m mÃ  dÃ¹ng dc 2 tuáº§n thÃ¬ nÃ³ lá»—i, tá»± cháº¡y tá»± nhÃ¡y liÃªn tá»¥c mÃ¬nh nghÄ© vá»›i giÃ¡ nÃ y thÃ¬ má»i ngÆ°á»i nÃªn cÃ¢n nháº¯c bá» thÃªm tiá»n mua mÃ¡y khÃ¡c thÃ¬ hÆ¡n','4','Ngá»c TrÃ¢m'
'312414','','Má»›i mua mÃ  bá»‹ lá»—i touchpad, mang ra báº£o hÃ nh thÃ¬ nÃ³i máº¥t khoáº£ng 15 ngÃ y hoáº·c tá»± cháº¡y ra báº£o hÃ nh hÃ£ng cho nhanh máº·c dÃ¹ cÃ¹ng á»Ÿ tp HCM','1','Dat'
'312414','','MÃ¬nh xÃ i cáº£ nÄƒm rá»“i nhÆ°ng mÃ  tá»« lÃºc má»›i mua cáº£m á»©ng nháº£y nhÆ° ngá»±a, mang ra thÃ¬ nÃ³i báº£o hÃ nh máº¥y chá»¥c ngÃ y lÃ¢u quÃ¡ nÃªn thÃ´i, sá»‘ng chung vá»›i lÅ©. Ai mua thÃ¬ nghiÃªn cá»©u kÄ© nhÃ©','3','Pháº¡m Thá»‹ Thu HÃ '
'312414','','á»”n trong táº§m giÃ¡ nÃ y, nhÆ°ng mua vá» Ä‘c 1 ngÃ y bá»‹ hÆ° cáº£m á»©ng chuá»™t, Ä‘Ã£ Ä‘á»•i vÃ  mong sáº½ khÃ´ng bá»‹ gÃ¬ ná»¯a.','3','Quoc Viet'
'312414','','MÃ¡y Ä‘áº¹p dÃ¹ng ráº¥t tá»‘t','5','Tráº§n Viáº¿t DÅ©ng'
'312414','','TÃ´i mua hiá»‡u mÃ¡y nÃ y Ä‘Æ°á»£c 4 thÃ¡ng nhÆ°ng sá»± dá»¥ng 2 thÃ¡ng thÃ¬ Ä‘Ã£ hÆ° pháº§n cáº£m á»©ng vÃ  Ä‘Ã£ Ä‘i báº£o hÃ nh. NhÆ°ng vá» sá»­ dá»¥ng tÃ¢m tá»« má»™t Ä‘áº¿n hai giá» Ä‘á»“ng há»“ lÃ  cáº£m á»©ng bá»‹ Ä‘Æ¡ Ä‘i chuyá»ƒn khÃ´ng phuong hÆ°á»›ng. Mong cá»­a hÃ ng vÃ  hÃ£ng cÃ³ biá»‡n PhÃ¡p kháº¯c phá»¥c cho khÃ¡ch hÃ ng.','1','Nguyá»…n Táº¥n Triá»‡u'
'312414','','MÃ¡y Ä‘áº¹p. NhÃ¢n viÃªn tÆ° váº¥n nhiá»‡t tÃ¬nh','5','Tráº§n VÄƒn DÆ°Æ¡ng'
'312414','','Sá»­ dá»¥ng ráº¥t tá»‘t, y nhÆ° 1 mÃ¡y má»›i. CÃ³ Ä‘iá»u em chÆ°a sá»­ dá»¥ng quen nÃªn hÆ¡i khÃ³ sá»­ dá»¥ng 1 tÃ­.','5','LÆ°Æ¡ng Nguyá»‡t VÃ¢n'
'312414','','Cho há»i sao thÃ´ng tin sp á»• cá»©ng tá»•ng lÃ  512GB mÃ  sao giá» mÃ¡y mÃ¬nh tá»•ng 2 á»• Ä‘Ä©a cÃ³ 474GB thÃ´i.','4','Tráº§n NguyÃªn HÆ°ng'
'312414','','Ráº¥t tá»‘t','5','HoÃ ng QuyÃªn'
'312414','','Má»›i mua ngÃ y 18,01 hÃ´m nay pháº£i Ä‘em ra tgdd Nguyá»…n vÄƒn tiáº¿t lÃ¡i thiÃªu rá»“i. NÃ³i khÃ´ng bá»‹ gÃ¬ mÃ  lÃ m hÆ¡n 1 tiáº¿ng chÆ°a xong. Má»‡t má»i','2','Aviá»‡t'
'312414','','MÃ¡y nÃ y cÃ³ Ä‘Ã¨n bÃ n phÃ­m khÃ´ng áº¡','5','Kim LiÃªn'
'312414','','MÆ°á»£t','5','LÃª Nhá»±t Minh'
'312414','','','5','Tháº¯ng Nguyá»…n Há»¯u'
'312414','','','4','Thiá»u sá»¹ Ä‘á»‹nh'
'312414','','','3','Chi HÆ°Æ¡ng'
'317712','','Má»›i mua chÆ°a Ä‘Æ°á»£c 1 thÃ¡ng mÃ  bá»‹ dÃ­nh chuá»™t trÃ¡i, chuá»™t tá»± cháº¡y loáº¡n cáº£ lÃªn. ChÃ¡n','2','NgÃ´ Ngá»c HÆ°ng'
'317712','','á»”n nhÆ°ng pin yáº¿u quÃ¡','3','Dungthu'
'317712','','á»”n','5','Nguyá»…n ChÃ­ Nguyá»‡n'
'317712','','Ok','4','Nguyá»…n Há»¯u HÆ°ng'
'317712','','MÃ¡y cháº¡y nhanh, mÆ°á»£t, cáº£m biáº¿n vÃ¢n tay tiá»‡n dá»¥ng, nháº¥t lÃ  vÃ³i Windows 11, nÃ³i chung sá»­ dá»¥ng vÄƒn phÃ²ng, game nháº¹, lÆ°á»›t web tá»‘t. ÄÃ¡ng mua','5','Phan Táº¥n Duy'
'317712','','MÃ¡y má»›i mua vá» chÆ°a sÃ i gÃ¬ nhiá»u thÃ¬ chuá»™t giáº­t cháº¡y lung tung táº¯t mÃ¡y má»Ÿ lÃªn váº«n váº­y Ä‘em ra kiá»ƒm tra nhÃ¢n viÃªn báº£o mÃ¡y táº§m trung nÃªn nÃ³ nhÆ° váº­y chá»‹u khÃ³ sÃ i nÃ³i tháº¿ chá»‹u luÃ´n','1','Giang'
'317712','','MÃ¡y mua Ä‘c 1 tuáº§n lá»—i ghi Ã¢m rÃ¨ lÃºc Ä‘c lÃºc ko. Mang mÃ¡y qua báº£o hÃ nh gá»i tá»•ng Ä‘Ã i thÃ¬ tráº£ lá»i há»i há»£t bÃ¡o lá»—i win mÃ  win báº£n quyá»n.','2','TRá»ŠNH THá»Š PHÆ¯Æ NG THÃšY'
'317712','','Ok','5','CÃ´ng Ty TNHH May Váº¡n HÃ '
'317712','','Mua mÃ¡y Ä‘Æ°á»£c 2 tuáº§n nhÆ°ng toughpad hay bá»‹ lá»—i, mÃ¡y má»Ÿ máº­t kháº©u xong Ä‘en thui','3','Em Ãnh'
'317712','','','5','Nguyá»…n Thá»‹ Gáº¥m'
'317712','','','4','Anh Buol'
'311177','','MÃ¡y má»›i mua ngÃ y 04/05/2025, dÃ¹ng táº§m 23h mÃ¡y ráº¥t lÃ  nÃ³ng, cáº§n há»— trá»£ cÃ¡ch kháº¯c phá»¥c nhÆ° tháº¿ nÃ o','3','LVT'
'311177','','Ráº¥t ok','5','Äá»— VÄƒn Thá»i'
'311177','','MÃ¡y cáº¥u hÃ¬nh máº¡nh, giÃ¡ tá»‘t.','4','Háº£i'
'311177','','','5','LÃª Minh Hy'
'327707','','Sá»­ dá»¥ng 1 thá»i gian tháº¥y dÃ²ng mÃ¡y khÃ¡ á»•n, má»i thá»© Ä‘á»u tá»‘t dÃ¹ thá»‰nh thoáº£ng sáº½ cÃ³ bá»‹ hÆ¡i giáº­t lag 1 tÃ­ khi di chuyá»ƒn chuá»™t dÃ¹ cho chá»‰ má»Ÿ cÃ³ 2 tab. Pháº§n trÄƒm pin dÃ¹ cÃ³ sáº¡c bao nhiÃªu lÃ¢u thÃ¬ váº«n chá»‰ hiá»‡n cÃ³ 94%, khÃ´ng biáº¿t lÃ  lá»—i hay dÃ²ng mÃ¡y máº·c Ä‘á»‹nh sáº½ luÃ´n hiá»ƒn thá»‹ lÃ  94%','5','Há»c Kim'
'327707','','Sáº£n pháº©m phÃ¹ há»£p vá»›i giÃ¡ tiá»n.Vá»«a chÆ¡i vá»«a lÃ m viá»‡c,Náº¿u chÆ¡i game AAA háº¡ng náº·ng cá»§a nÄƒm 2024 váº«n dÆ° sá»©cMSI dÃ¹ng Ä‘á»ƒ chÆ¡i game mÃ¡y sáº½ nÃ³ng lÃªn nhiá»u lÃ  chuyá»‡n Ä‘Æ°Æ¡ng nhiÃªn.NÃªn mua thÃªm Ä‘áº¿ Fan táº£n nhiá»‡t vÃ¬ MSI thiáº¿t khe há»Ÿ ráº¥t tá»‘t','5','Yennefer'
'272282','','E muá»‘n láº¯p thÃªm Ram cho e há»i giÃ¡ bao nhiÃªu áº¡','5','Äáº·ng VÄƒn KhÃ¡nh'
'272282','','Vá»«a mua vá» Ä‘Ã£ bá»‹ lá»—i tá»‘i mÃ n hÃ¬nh, nhÃ¡y sÃ¡ng','1','ThÃ¡i'
'272282','','Xá»‹n nha . mÃ¡y mÃ¡t . giÃ¡ ok','5','TrÆ°Æ¡ng PhÃº Thá»‹nh'
'272282','','Vá»«a mua vá» Ä‘Ã£ há»ng.','1','Anh Hiá»ƒn'
'272282','','Má»™t thá»i mÃª laptop gaming','5','Nguyá»…n Anh Khoa'
'272282','','Tá»‘t','5','LÃª VÄƒn Máº£i'
'272282','','MÃ¡y cháº¡y nhanh á»•n Ä‘á»‹nh tuy nhiÃªn mÃ¡y váº«n cÃ²n má»™t sá»‘ lá»—i hk Ä‘Ã¡ng ká»ƒ cháº¡y nhÆ°ng tÃ¡c vá»¥ náº·ng thÃ¬ mÃ¡y hÆ¡i cháº­m vÃ  Ä‘á»©ng hÃ¬nh khÃ´ng Ä‘Ã¡ng ká»ƒ náº¿u nÃ¢ng cáº¥p ram vÃ  SSD lÃªn thÃ¬ mÃ¡y cháº¡y tuyá»‡t vá»i','4','Nguyá»…n Thiá»‡n PhÃºc'
'272282','','Ráº¥t tá»‘t ráº¥t khá»e sá»± bÃ¹ng ná»• cá»§a 4 nÄƒm Ä‘áº¡i há»c luÃ´n NhÆ°ng RTX hÆ¡i á»“n','5','Ngá»c Nam'
'272282','','Sáº£n pháº©m dÃ¹ng tá»‘t mÆ°á»£t','5','Vu Hai Nam'
'272282','','Hiá»‡u nÄƒng cá»§a mÃ¡y ráº¥t tá»‘t nhÆ°ng pin hÆ¡i yáº¿u','4','Anh Ma Viá»‡t'
'272282','','BTG','3','VÅ© Nháº­t Thiá»‡n'
'272282','','NhÃ¢n viÃªn tÆ° váº¥n ráº¥t tá»‘t, sáº£n pháº©m Ä‘Ãºng nhÆ° mÃ´ táº£','5','ÄoÃ n Tráº§n Tiáº¿n TrÃ­'
'272282','','Ok','5','Dao Trong Anh Hung'
'272282','','10 Ä‘iá»ƒm','5','Em SÄ©'
'272282','','MÃ¡y mua 1 thÃ¡ng dÃ¹ng ráº¥t hay tá»± Ä‘á»™ng máº¥t wifi . MÃ¡y nhanh nÃ³ng pháº£i báº­t cháº¿ Ä‘á»™ táº£n nhiá»‡t cÃ´ng xuáº¥t max liÃªn tá»¥c ráº¥t á»“n vÃ  hao Ä‘iá»‡n . BÃ n phÃ­m báº¥m má»›i 1 thÃ¡ng mÃ  Ä‘Ã£ trÃ³c sÆ¡n','3','Phan Van Táº¥n'
'272282','','Tá»‘t','5','E Hiáº¿u'
'272282','','Sáº£n pháº©m khÃ¡ á»•n , Ä‘áº·t hÃ ng vÃ  giao hÃ ng nhanh','4','TrÆ°Æ¡ng Tuáº¥n Linh'
'272282','','','5','HoÃ ng XuÃ¢n Quang'
'272282','','','5','Äáº¡t'
'272282','','','4','Viá»‡t Ãi'
'272282','','','5','Tuáº¥n Nguyá»…n'
'272282','','','4','NGÃ” THANH TUáº¤N'
'272282','','','5','Tá»ª PHÆ¯á»šC Háº¢I'
'325479','','má»›i mua chÆ°a Ä‘Æ°á»£c 1 ngÃ y check thÃ¬ chai 6% pin trong khi check mÃ¡y má»›i khÃ¡c bÃ¬nh thÆ°á»ng , hÃ ng tá»± Ä‘Æ°a ra bá»c báº±ng bao bá»c thá»±c pháº©m chá»© khÃ´ng pháº£i lÃ  niÃªm phong cá»§a asus tgdd lÃ m Äƒn kiá»ƒu gÃ¬ váº­y','2','Äinh Tiáº¿n Sá»¹'
'325479','','PhÃ¹ há»£p cho Ä‘á»‘i tÆ°á»£ng hssv, vÄƒn phÃ²ng ÄÃ¡p á»©ng tá»‘t giáº£i trÃ­, nhu cáº§u háº±ng ngÃ y. Chá»‰ cÃ³ má»™t Ä‘iá»ƒm cáº§n lÆ°u Ã½ lÃ  pin sá»­ dá»¥ng khÃ´ng Ä‘Æ°á»£c lÃ¢u, chá»‰ táº§m 5 tiáº¿ng vá»›i tÃ¡c vá»¥ nháº¹ tá»›i bÃ¬nh thÆ°á»ng.','5','Anh QuÃ¢n'
'325242','','váº«n á»•n nhÆ°ng mÃ¬nh thay Ä‘á»•i máº­t kháº©u thÃ´i mÃ  sÃ¡ng ngá»§ dáº­y bá»‹ khÃ³a tÃ i khoáº£n office khÃ´ng hiá»ƒu luÃ´n, Ä‘Æ°á»£c há»• trá»£ nhÆ°ng váº«n bá»‹ khÃ³a, vá» cÃ³ sao xÃ i dáº­y Ä‘i Ä‘á»«ng Ä‘á»•i gÃ¬ háº¿t nha máº¥y báº¡n','5','dÆ°Æ¡ng thanh phong'
'329858','','KÃ­nh gá»­i Tháº¿ Giá»›i Di Äá»™ng, TÃ´i mua má»™t mÃ¡y Asus X1504ZANJ1608W táº¡i cá»­a hÃ ng vÃ  Ä‘Æ°á»£c há»©a háº¹n sáº½ Ä‘Æ°á»£c Ä‘á»•i mÃ¡y má»›i náº¿u sáº£n pháº©m gáº·p lá»—i. Tuy nhiÃªn, sau khi kiá»ƒm tra, tÃ´i phÃ¡t hiá»‡n mÃ¡y Ä‘Æ°á»£c Ä‘á»•i cho tÃ´i cÃ³ dáº¥u hiá»‡u Ä‘Ã£ qua sá»­a chá»¯a. Cá»¥ thá»ƒ CÃ³ váº¿t tráº§y xÆ°á»›c trÃªn á»‘c vÃ­t, dáº¥u hiá»‡u mÃ¡y Ä‘Ã£ bá»‹ thÃ¡o rá»i. CÃ³ hai tem báº£o hÃ nh, Ä‘iá»u mÃ  thÆ°á»ng khÃ´ng xuáº¥t hiá»‡n trÃªn mÃ¡y má»›i hoÃ n toÃ n. NgÃ y kÃ­ch hoáº¡t báº£o hÃ nh khÃ´ng khá»›p vá»›i ngÃ y tÃ´i nháº­n mÃ¡y, chá»©ng tá» mÃ¡y Ä‘Ã£ Ä‘Æ°á»£c sá»­ dá»¥ng trÆ°á»›c Ä‘Ã³. TÃ´i mong TGDD xem xÃ©t láº¡i trÆ°á»ng há»£p nÃ y vÃ  Ä‘Æ°a ra hÆ°á»›ng giáº£i quyáº¿t há»£p lÃ½ Ä‘á»ƒ Ä‘áº£m báº£o quyá»n lá»£i cá»§a tÃ´i theo chÃ­nh sÃ¡ch Ä‘á»•i tráº£. TÃ´i ráº¥t mong nháº­n Ä‘Æ°á»£c pháº£n há»“i sá»›m tá»« quÃ½ cÃ´ng ty. Xin cáº£m Æ¡n','3','HÆ°ng'
'329858','','táº¡i sao má»¥c wifi á»Ÿ thanh taskbar cá»© bá»‹ Ä‘Æ¡ liÃªn tá»¥c . Cho dÃ¹ khá»Ÿi Ä‘á»™ng láº¡i sau Ä‘Ã³ dÃ¹ng bÃ¬nh thÆ°á»ng má»™t lÃºc láº¡i bá»‹ tiáº¿p . cá»© áº¥n vÃ o nma láº¡i k trá»“i lÃªn Ä‘á»ƒ Ä‘á»•i máº¡ng dc lÃ  sao váº­y','3','Nguyá»…n Tháº£o VÃ¢n'
'333423','','MÃ¡y khá»Ÿi Ä‘á»™ng nhanh, thao tÃ¡c cÃ´ng viá»‡c vÄƒn phÃ²ng mÆ°á»£t. Thiáº¿t káº¿ nhÃ¬n Ä‘áº¹p, khÃ¡ cá»©ng cÃ¡p. Vá» pin thÃ¬ sáº¡c táº§m 23h, nhÆ°ng sá»­ dá»¥ng cÅ©ng táº§m Ä‘Ã³ nÃªn cÅ©ng khÃ´ng Ä‘Ã¡nh giÃ¡ cao.MÃ¬nh Ä‘áº·t hÃ ng online nháº­n táº¡i cá»­a hÃ ng. Äáº¿n nÆ¡i nháº­n mÃ¡y thÃ¬ mÃ¡y mÃ¬nh Ä‘ang Ä‘Æ°á»£c bao mÃ n nhá»±a trong Ä‘á»ƒ trÃªn ká»‡ trÆ°ng bÃ y tá»©c lÃ  hÃ ng cá»§a mÃ¬nh nháº­n chá»‰ lÃ  fullbox chá»© khÃ´ng pháº£i nguyÃªn seal. MÃ¬nh khÃ´ng hiá»ƒu chÃ­nh sÃ¡ch mÃ¡y má»›i cá»§a TGDÄ nhÆ° nÃ o, nhÆ°ng nhÆ° váº­y cÃ³ khÃ¡c gÃ¬ mÃ¡y trong nhÃ³m hÃ ng trÆ°ng bÃ y/Ä‘Ã£ qua sá»­ dá»¥ng','3','NCT'
'333423','','XÃ i ok nhÃ©..','5','Thanh'
'316941','','Báº£o lÃ  vá» kim loáº¡i nhÆ°ng nÃ³ chá»‰ lÃ  máº·t lÆ°ng vÃ  máº·t bÃ n phÃ­m lÃ  kim loáº¡i má»ng. Máº·t Ä‘Ã¡y váº«n lÃ  nhá»±a. Báº£n lá» cÃ³ pháº§n nhá»±a bá»‹ sá»¥t sá»‡t.','2','Khá»Ÿi'
'316941','','Con nÃ y cÃ³ chá»‰nh mÃ u Ä‘Ã¨n bÃ n phÃ­m Ä‘Æ°á»£c ko áº¡','5','Anh'
'327872','','MÃ¡y tá»‘t cháº¡y á»•n Ä‘á»‹nh, pin 90wh Ä‘Æ°á»£c khÃ¡ lÃ¢u hÆ¡n 2h. GÃ¡ sau giáº£m cÃ²n 25tr.','5','LÃª HÃ '
'328235','','','4','Trá»‹nh VÄƒn QuÃ½'
'331506','','MÃ¬nh má»›i mua mÃ¡y, vÃ  chá»n cÃ¡i khuyáº¿n mÃ£i cÃ i Ä‘áº·t pháº§n má»m microsoft 356 trÃªn web k ghi thá»i háº¡n dÃ¹ng, nhÆ°ng sau khi cÃ i xong thÃ¬ nhÃ¢n viÃªn má»›i báº£o chá»‰ sá»­ dá»¥ng Ä‘Æ°á»£c 1 nÄƒm. Sau khi Ä‘áº·t online thÃ¬ khÃ´ng 1 ai tÆ° váº¥n vá» gÃ³i nÃ y, sau nÃ y má»i ngÆ°á»i nÃ© gÃ³i khuyáº¿n mÃ£i nÃ y ra nha. Lá»«a Ä‘áº£o Ä‘áº¥y.','1','Tháº£o'
'322100','','ÄÃƒ MUA MÃY NÃ€Y. Cáº¤U HÃŒNH MÃY Máº NH, Táº¦N Sá» QUáº¾T VÃ€ MÃ€N 2K NÃŠN CHÆ I GAME VÃ€ LÃ€M Äá»’ Há»ŒA Tá»T. CÃ“ ÄIá»€U MÃY KHÃ”NG CÃ“ Táº¤M Ná»€N CHá»NG ÃNH SÃNG XANH, HAY EYE CARE NÃŠN HOáº T Äá»˜NG TRÃŠN MÃY LÃ‚U Sáº¼ Má»I Máº®T HÆ N. ÄÃNH GIÃ 4/5 SAO.','4','TUYÃŠN'
'322100','','','5','LÃª Nho Pháº£'
'328949','','MÃ¡y mua vá» hÆ° Ä‘Ãºng sau 1th. ÄÃ£ gá»­i báº£o hÃ nh nhÆ°ng sau 4 ngÃ y sá»­ dá»¥ng láº¡i quay láº¡i lá»—i cÅ©','1','Nguyá»…n Thanh Tuáº¥n'
'328949','','Laptop mua á»Ÿ thegioidong, dienmayxanh lÃ  khÃ´ng cÃ²n seall háº£ báº¡n LÃ  tá»± ráº¡ch seall ra háº£ báº¡n','1','Cao Tuáº¥n'
'328949','','MÃ¡y 512Gb nháº­n vá» cÃ³ 256Gb gá»i Há»— trá»£ k há»— trá»£ liá»n mÃ  háº¹n pháº£i sau 1 tiáº¿ng','1','Kiá»u'
'325480','','dÃ¹ng bá»™ lá»c cho 1 triá»‡u cá»™t excel cá»©ng Ä‘Æ¡ luÃ´n Ã½ lÃ  chÆ°a cÃ³ ná»™i dá»¥ng gÃ¬ á»Ÿ tá»«ng hÃ ng excel','1','Nguyá»…n Lá»™c NhÃ¢n'
'325480','','kiá»ƒu dÃ¡ng thiáº¿t káº¿ Ä‘áº¹p báº¯t máº¯t cháº¡y mÆ°á»£t, pin chÃ¢u hÃ¬nh áº£nh Ã¢m thanh sá»‘ng Ä‘á»™ng. Ráº¥t hÃ i lÃ²ng','5','Nguyá»…n Äá»©c PhÆ°Æ¡ng'
'302209','','Pin yáº¿u, mÃ¡y má»›i nhÆ°ng pin chá»‰ Ä‘Æ°á»£c gáº§n 2 tiáº¿ng','3','Nguyá»…n VÄƒn Báº£o'
'302209','','Mua hÃ´m thá»© 6 ngá»“i kiá»ƒm tra tá»›i lui, giá» má»›i phÃ¡t hiá»‡n tay Ä‘á»• má»“ hÃ´i cháº¡m vÃ´ vá» nÃ³ tÃª tÃª, dÃ¹ng bÃºt thá»­ Ä‘iá»‡n cháº¡m vÃ o thÃ¬ nÃ³ sÃ¡ng Ä‘Ã¨n, giá» khÃ´ng biáº¿t cÃ³ báº£o hÃ nh hay khÃ´ng','2','TrÃ­'
'302209','','Oke','5','CÃ¡ch'
'302209','','Ráº¥t tá»‘t','5','Nguyá»…n Thá»‹ LiÃªn'
'302209','','Sáº£n pháº©m sá»­ dá»¥ng ráº¥t tá»‘t.','5','Lá»™c Nam HÃ¹ng'
'302209','','NhÃ¢n viÃªn tÆ° váº¥n nhiá»‡t tÃ¬nh, sáº£n pháº©m Ä‘áº¹p vÃ  Æ°ng Ã½ğŸ¥°','5','Nguyá»…n Thá»‹ QuyÃªn'
'302209','','ráº¥t hÃ i lÃ²ng vá»›i sáº£n pháº©m','5','ChÃº Tuáº¥n'
'302209','','Ráº¥t tá»‘t','5','An nhiÃªn'
'302209','','ÄÃ£ mua sá»­ dá»¥ng ráº¥t máº¡nh máº½, core i7 gen 12 mÃ n 15,6 full kim loáº¡i. Con nÃ y náº±m trong top ráº» nháº¥t so vá»›i cáº¥u hÃ¬nh.','5','Anh Ã‚n'
'302209','','ok','5','TOáº¢N'
'302209','','Tá»‘t','4','LÆ°u Minh Äá»©c'
'302209','','Good','5','NgÃ´ XuÃ¢n NguyÃªn'
'302209','','Sáº£n pháº©m HP á»•n Ä‘á»‹nh','4','Trung'
'302209','','','5','Tráº§n Thá»‹ Háº±ng'
'302209','','','5','CÃ”NG TY TNHH CHÃ‚U MINH HOÃ€NG'
'302209','','','4','NgÃ´ Thá»‹ Há»“ng Cháº¥m'
'302209','','','5','BÃ¬nh'
'308697','','sao quáº¡t táº£n nhiá»‡t cá»§a e ko cháº¡y Ä‘c tháº¿ shop...... báº­t mÃ¡y lÃªn nÃ³ cháº¡y Ä‘c 1 tÃ­ rá»“i nÃ³ táº¯t háº³n luÃ´n','3','pháº¡m hoÃ ng nháº­t phong'
'308697','','Cho mÃ¬nh há»i mÃ¡y cÃ³ gáº¯n thÃªm dc á»• cá»©ng SSD sata 2.5 ko ak hay chá»‰ dÃ¹ng dc HDD','5','LÃª Táº¥n Thá»‹nh'
'308697','','Ok','3','Anh Nguyá»…n Anh Tuáº¥n'
'308697','','mÃ¬nh má»›i mua. DÃ¹ng tháº¥y ok, mÃ¬nh tháº¥y báº¡n bÃ¡n cho mÃ¬nh há»— trá»£ nhiá»‡t tÃ¬nh. NHÆ¯NG Náº¾U AI KHÃ”NG RÃ€NH Vá»€ LAPTOP NHÆ¯ MÃŒNH Má»Œ NGÆ¯á»œI NÃŠN CÃ‚N NHáº®C Vá»€ Váº¤N Äá»€ Ká»¸ THUáº¬T, MÃŒNH THáº¤Y Ká»¸ THUáº¬T Vá»€ LAPTOP CÃC Báº N á» TGDD KHÃ”NG CHUYÃŠN VÃ€ CÃ’N THIáº¾U KINH NGHIá»†M.','3','TÃ¢n'
'308697','','MÃ¡y tá»‘t','5','Chá»‹ HÆ°Æ¡ng'
'308697','','MÃ¡y xÃ i ngon ngháº» nhÆ°ng chÆ¡i game thÃ¬ lÃ¢u lÃ¢u sáº½ bá»‹ Ä‘á»©ng 1 chÃºt','4','QuÃ¢n'
'308697','','Cháº¥t lÆ°á»£ng háº­u mÃ£i uy tÃ­n','5','HUá»²NH QUá»C TUáº¤N'
'308697','','MÃ¬nh mua mÃ¡y vá» mÃ  kh má»Ÿ cam Ä‘c , mÃ¡y kÃªu khÃ´ng tÃ¬m tháº¥y cam váº­y lÃ m sao má»›i cÃ³ Ä‘c v áº¡','4','Tuyáº¿t Trinh'
'308697','','cÃ³ cÃ¡i pin hÆ¡i yáº¿u','5','Tráº§n HoÃ ng Anh Huy'
'308697','','mÃ¡y ráº¥t nÃ³ng','3','Pháº¡m Cao CÆ°á»ng'
'308697','','NhÆ°á»£c Ä‘iá»ƒm : QuÃ¡ náº·ng ,cho Ä‘á»©a em luÃ´n khÃ´ng cÃ³ sá»­ dá»¥ng ,pin 3h lÃ  háº¿t Æ¯u Ä‘iá»ƒm cáº¥u hÃ¬nh cao','3','Anh Ká»³'
'308697','','Ráº¥t ok','5','Quan Co Báº±ng'
'308697','','Ngon','5','Nguyá»…n Quang Huy'
'308697','','MÃ¡y cháº¡y khÃ¡ tá»‘t :)) nhÃ¢n viÃªn Ä‘áº¹p trai nhiá»‡t tÃ¬nh vui tÃ­nh ğŸ˜','5','103684 - TrÆ°Æ¡ng CÃ´ng Quyá»n'
'308697','','Pin xÃ i Ä‘Æ°á»£c 2h','3','chá»‹ Há»“ng'
'308697','','TÃ´i Ä‘Ã£ dÃ¹ng vÃ  cáº£m nháº­n sp ráº¥t tá»‘t vÃ  ráº¥t hÃ i lÃ²ng vá»›i giÃ¡ cáº£ há»£p lÃ­ nÃªn mua nha má»i','5','de'
'308697','','Tá»‘t','5','Pháº¡m Huy SÆ¡n'
'308697','','tá»‘t','5','Äá»— vÄƒn biÃªn'
'308697','','','3','Nguyá»…n HoÃ ng LÃª'
'308697','','','5','Tráº§n PhÆ°á»›c Sang'
'309565','','Mua mÃ¡y Ä‘Æ°á»£c 1 thÃ¡ng.MÃ¡y tá»± xáº£ pin 78% vá» 92% . Trong chu ká»³ 2 ngÃ y cÃ³ thá»ƒ ngÃ y Ä‘áº§u hoáº·c ngÃ y thá»© 2 .','4','Äáº·ng Ngá»c Anh'
'309565','','MÃ¡y má»›i dÃ¹ng 7thang bá»‹ lá»—i mÃ n hÃ¬nh...Ä‘i báº£o hÃ nh ráº¥t tá»‡ k Ä‘iá»‡n thoáº¡i cho mk 1 tiáº¿ng nÃ o..má»›i Ä‘áº§u chá»‰ lÃ´i nháº¹ Ä‘i báº£o hÃ nh bá»‹ mÃ³p cáº£ mÃ n hÃ¬nh pháº£i quay ngÆ°á»£c lÃªn trÃªn cÅ©ng k Ä‘iá»‡n cho mk sau nÃ y sáº½ k mua bÃªn Ä‘Ã¢y báº¥t cá»© sáº£n pháº©m nÃ o ná»¯a','1','Há»“ng Ni'
'309565','','Sao mÃ¡y nhanh háº¿t pin váº­y áº¡','4','Ãi'
'309565','','em muá»‘n cÃ i sang tiáº¿ng viá»‡t mÃ  mÃ¡y hong há»— trá»£','3','huyá»n trang'
'309565','','Em cÃ³ mua mÃ¡y nÃ y á»Ÿ tháº¿ giá»›i di Ä‘á»™ng SÃ³c TrÄƒng, nÃ³i chung chá»©c nÄƒng ok nhma cÃ¡i Microsoft store cá»§a mÃ¡y e nÃ³ sÃ i kh Ä‘c cá»© xoay xoay hoÃ i','4','Trá»‹nh Thanh TÃº'
'309565','','MÃ¡y mÃ¬nh má»›i mua á»Ÿ Äiá»‡n mÃ¡y Xanh 254 HÃ¹ng VÆ°Æ¡ng, PhÆ°á»ng 03, ThÃ nh phá»‘ TÃ¢n An, Tá»‰nh Long An mÃ¡y Ä‘áº¹p, chÆ°a biáº¿t sá»­ dá»¥ng á»•n khÃ´ng nhÆ°ng mÃ  anh nhÃ¢n viÃªn siÃªu siÃªu nhiá»‡t tÃ¬nh, má»i ngÆ°á»i cÃ³ ghÃ© chi nhÃ¡nh nÃ y mua nhá»› kiáº¿m anh Minh Nhá»±t nha, áº£nh dá»… thÆ°Æ¡ng láº¯m láº¯m luÃ´n, 1001 Ä‘iá»ƒm, khÃ´ng cÃ³ hÃ i lÃ²ng nháº¥t chá»‰ cÃ³ hÃ i lÃ²ng hÆ¡n','5','Diá»‡u ThÆ¡'
'309565','','Ai Ä‘Ã³ hÃ£y giÃºp em cÃ i tiáº¿ng viá»‡t cho mÃ¡y Ä‘Æ°á»£c khÃ´ng áº¡, em khÃ´ng cÃ i Ä‘Æ°á»£c','3','TrÃ­'
'309565','','mÃ¡y nÃ y káº¿t nÃ´i vá»›i mÃ n hÃ¬nh cong Samsung S3 S36C LS27C360EAEXXV 27 inch FHD/VA/FreeSync/75Hz/4ms/HDMI á»•n khÃ´ng áº¡','5','Phan VÄƒn TiÃªn'
'309565','','Ko biáº¿t pin nhÆ° tháº¿ nÃ o mÃ  cáº¯m Ä‘áº§y chá»‰ dÃ i Ä‘c 2 3tiáº¿ng thÃ´i','3','Nguyen Thi Ngoc Lan'
'309565','','MÃ¬nh mua mÃ¡y ngÃ y 12/3/2024 ban Ä‘áº§u tháº¥y mÃ¡y khÃ¡ hao pin nÃªn ngay ngÃ y hÃ´m sau mÃ¬nh Ä‘Ã£ gá»i Ä‘iá»‡n muá»‘n Ä‘á»•i mÃ¡y vÃ  Ä‘Æ°á»£c nhÃ¢n viÃªn bÃ¡o máº¥t 20% phÃ­, vÃ¬ vá»«a má»›i mua nÃªn mÃ¬nh Ä‘Ã£ quyáº¿t Ä‘á»‹nh sá»­ dá»¥ng thÃªm vÃ i ngÃ y xem mÃ¡y cÃ³ tháº­t sá»± cáº§n Ä‘á»•i khÃ´ng. HÃ´m nay lÃ  ngÃ y thá»© 4 sá»­ dá»¥ng mÃ¡y, mÃ¬nh tÃ­nh thá»i gian thÃ¬ mÃ¡y chá»‰ sá»­ dá»¥ng Ä‘Æ°á»£c khoáº£ng 2 tiáº¿ng, pin quÃ¡ yáº¿u so vá»›i 1 chiáº¿c mÃ¡y tÃ­nh thÃ´ng thÆ°á»ng. Do Ä‘Ã£ tá»«ng sá»­ dá»¥ng mÃ¡y HP vÃ  thá»i gian pin tá»‘i thiá»ƒu lÃ  4 tiáº¿ng nÃªn khi Ä‘Æ°á»£c nhÃ¢n viÃªn tÆ° váº¥n mÃ¬nh Ä‘Ã£ ok vÃ  láº¥y ngay. NhÆ°ng Ä‘áº¿n bÃ¢y giá» tháº­t sá»± quÃ¡ tháº¥t vá»ng, pin quÃ¡ yáº¿u trong khi mÃ¬nh chá»‰ sá»­ dá»¥ng tÃ¡c vá»¥ vÄƒn phÃ²ng cÆ¡ báº£n nhÆ° word, excel. Ráº¥t mong Ä‘Æ°á»£c tháº¿ giá»›i di Ä‘á»™ng há»— trá»£ Ä‘á»ƒ mÃ¬nh Ä‘á»•i tráº£ vÃ  sá»­ dá»¥ng má»™t sáº£n pháº©m phÃ¹ há»£p hÆ¡n.','1','Tráº§n Thá»‹ Ngá»c Ãnh'
'309565','','Em ráº¥t buá»“n khi mua sp Em má»›i mua hq lÃºc 21h 25/02/2024 . Khi mua em Ä‘Ã£ nÃ³i lÃ  cáº§n sá»­ dá»¥ng nhiá»u trong cv excel word, nhÆ°ng nhÃ¢n viÃªn khÃ´ng tÆ° váº¥n lÃ  pháº£i cÃ i báº£n quyá»n, chá»‰ bÃ¡o lÃ  Ä‘á»“ng Ã½ mua má»›i má»Ÿ mÃ¡y, rá»“i cho Ä‘áº¿n khi má»Ÿ mÃ¡y lÃªn má»›i bÃ¡o chá»‰ cÃ i Ä‘c báº£n crack cÃ²n khÃ´ng pháº£i cÃ i báº£n quyá»n Microsoft táº§m 2 triá»‡u Mua mÃ¡y chá»§ yáº¿u xÃ i 2 cÃ¡i Ä‘Ã³ mÃ  giá» tá»‘n tiá»n cÃ i thÃªm pháº§n má»m Thu láº¡i Ä‘á»•i qa Dell thÃ¬ máº¥t phÃ­ 20% Nv khÃ´ng tÆ° váº¥n khÃ¡ch hÃ ng mua qua mÃ¡y Dell cÃ³ há»— trá»£ pháº§n má»m miá»…n phÃ­.','1','ThÆ°'
'309565','','Äáº¿n giá» lÃ  6 thÃ¡ng mÃ¬nh sd vÃ  tháº¥y mÃ¡y to vÃ  náº·ng, kÃ­ch thÆ°á»›c chiá»u dÃ i khÃ´ng phÃ¹ há»£p di chuyá»ƒn, k tháº¥y cÃ³ tÃ­nh nÄƒng Ä‘áº·c biá»‡t nÃ o mÃ  giÃ¡ thÃ¬ cÃ³ láº½ khÃ´ng tháº¥p Ä‘Ã¢u... Chá»‰ sau 1 ngÃ y lÃ  mÃ¬nh muá»‘n Ä‘á»•i sang con pavilion 14 rá»“i nhÆ°ng Ä‘Ã£ máº¥t 10% giÃ¡ trá»‹ rá»“i, tháº¥y tiáº¿c khÃ´ng dÃ¡m Ä‘á»•i. VÃ¬ nÃ³ khÃ´ng phÃ¹ há»£p vá»›i mÃ¬nh nÃªn mÃ¬nh toÃ n nhÃ¬n máº·t xáº¥u thÃ´i. CÃ²n má»i ngÆ°á»i thÃ¬ tuá»³. NhÆ°ng muá»‘n gÃ³p Ã½ vá»›i tgdd lÃ  nÃªn thay Ä‘á»•i chÃ­nh sÃ¡ch Ä‘á»•i tráº£ cho nhá»¯ng ngÃ y Ä‘áº§u chá»© k máº¥t khÃ¡ch má»›i háº¿t, mÃ¬nh k dÃ¡m mua hay rcm mua laptop W á»Ÿ tgdd vÃ¬ cáº£m giÃ¡c k thoáº£i mÃ¡i, cá»© sá»£ chá»n sai .','2','Chá»‹ Hiá»n'
'309565','','Máº«u mÃ£ Ä‘áº¹p. Sang trá»ng. Loa nghe áº¥m cá»±c. DÃ¹ng ngon áº¡','5','Nguyá»…n Äá»©c HÆ°ng'
'309565','','MÃ¡y nÃ y shop thu láº¡i bao nhiÃªu áº¡','4','Quang HÃ '
'309565','','Vá»›i cáº¥u hÃ¬nh trÃªn thÃ¬ khÃ´ng Ä‘Ã¡nh giÃ¡ thÃªm gÃ¬ vá» hiá»‡u suáº¥t cá»§a em nÃ y pin thÃ¬ khÃ¡ tá»‡ bÃ¹ láº¡i cÃ¡i giÃ¡ á»•n Ä‘á»‹nh vá»›i váº» ngoÃ i sang xá»‹n nÃ³i mÃ u vÃ ng váº­y chá»© bá» ngoÃ i khÃ´ng khÃ¡c gÃ¬ mÃ u báº¡c. 8/10','4','Huá»³nh Thá»‹ HoÃ i ThÆ°Æ¡ng'
'309565','','Tá»‘c Ä‘á»™ mÃ¡y nhanh cháº¡y tá»‘t bá»‹ cÃ¡i mau háº¿t pin quÃ¡ TT khÃ´ng biáº¿t cÃ³ pháº£i táº¡i mÃ¬nh má»Ÿ nhiá»u chÆ°Æ¡ng trÃ¬nh cÃ¹ng lÃºc hay khÃ´ng ná»¯a TT','4','BÃ¹i Thá»‹ Minh Hiá»n'
'309565','','Máº«u mÃ£ Ä‘áº¹p nhÃ¢n vien dá»… thÆ°Æ¡ng tÆ° váº¥n nhiá»‡t tÃ¬nh','4','LÃª Thá»‹ Thanh Thá»§y'
'309565','','MÃ¬nh ko biáº¿t lÃ  mÃ¡y lá»—i hay nhÆ° nÃ o Ä‘ang dÃ¹ng thÃ¬ mÃ n hÃ¬nh nhoÃ¨ nhoáº¹t ko nhÃ¬n tháº¥y gÃ¬ má»™t lÃºc sau thÃ¬ Ä‘en sÃ¬. KhÃ´ng biáº¿t má»i ngÆ°á»i cÃ³ bá»‹ nhÆ° tÃ´i ko','2','Chá»‹ LiÃªn'
'309565','','MÃ n hÃ¬nh Ä‘áº¹p cáº¥u hÃ¬nh Ä‘áº¹p','4','Nguyá»…n VÄƒn Tuáº¥n'
'309565','','Dáº¡ Ä‘Æ°á»£c','5','tÃ¢m'
'309565','','FULL HD','5','Anh Há»£i'
'309565','','chÆ°a dÃ¹ng nhiá»u nÃªn chÆ°a biáº¿t sp cÃ³ lá»—i j ko dÃ¹ng oy quay láº¡i sau','4','Chá»‹ Hiáº¿u'
'309565','','HÃ i lÃ²ng','4','Huá»³nh Thu Trang'
'309565','','Ok trong táº§m giÃ¡','5','ThÆ¡'
'309565','','Mua mÃ¡y má»›i tráº£ tiá»n máº·t mÃ  mÃ¡y sáº¡c pin chá»‰ Ä‘áº¡t 99% khÃ´ng lÃªn 100% nÃªn xin Ä‘á»•i láº¡i','2','Nguyá»…n Quá»‘c HÃ¹ng'
'309565','','','5','Quáº£ng Thá»‹ ChÆ°Æ¡ng'
'309565','','','4','Nguyá»…n Thá»‹ NgÃ¢n HÃ '
'309565','','','4','XuÃ¢n Quá»³nh'
'309565','','','5','Nguyá»…n ChÃ¢u BÃ¡ NhÃ¢n'
'309565','','','5','Nguyá»…n HoÃ ng Báº£o Kim'
'309565','','','4','ChÃ¢u'
'309565','','','4','Linh'
'309565','','','5','Chá»‹ LiÃªn'
'309565','','','4','Tráº§n Thanh HÃ '
'309565','','','5','Pháº¡m SÄ© ÄÆ°á»£c'
'309565','','','5','CÃ”NG TY TNHH TÆ¯ Váº¤N Äáº¦U TÆ¯ XÃ‚Y Dá»°NG VÃ€ THÆ¯Æ NG Máº I PHAN QUá»²NH'
'327051','','ngon , good','5','NGUYE'
'327051','','','5','ThÃ nh CÃ´ng'
'327980','','MÃ¬nh mua mÃ¡y má»›i mÃ  tháº¥y siu mÃ n hÃ¬nh bá»‹ xÃ© rá»“i. Äc cÃ¡i tÆ° váº¥n nhiá»‡t tÃ¬nh nÃªn mua','1','Dh'
'326637','','Ã¡y dÃ¹ng á»•n Ä‘á»‹nh, pin xÃ i khÃ¡ lÃ¢u khÃ´ng nhÆ° bÃ¬nh luáº­n. Táº§m giÃ¡ nÃ y mÃ  Ä‘á»§ cÃ¡c cá»•ng theo chuáº©n má»›i, sáº¡c pin báº±ng cá»‘c Ä‘iá»‡n thoáº¡i ráº¥t tiá»‡n. MÃ¬nh cÃ i láº¡i Win 11 Pro cháº¡y ráº¥t mÆ°á»£t, tÃ¡c vá»¥ Ä‘á»“ há»a thÃ¬ mÃ¡y hÆ¡i nÃ³ng cháº¡y cháº­m. Äá»™ bá»n thÃ¬ khÃ´ng biáº¿t Ä‘Æ°á»£c máº¥y thá»© hÃ ng Ä‘iá»‡n tá»­ nÃ y. nÃ³i chung má»i ngÆ°á»i mua dÃ¹ng khÃ´ng ngáº§n ngáº¡i gÃ¬.','5','LÃ¢m Ngá»c Chiáº¿n'
'326637','','nghe nÃ³i pin hÆ¡i kÃ©m so vá»›i cÃ¡c háº£ng khÃ¡c nhÆ°ng thá»±c táº¿ thÃ¬ dÃ¹ng khÃ¡ lÃ¢u. trÃ¬nh chiáº¿u gáº§n 7 tiáº¿t x 45 phÃºt','5','BÃ¡ CÆ°á»ng'
'326637','','MÃ¡y pin khÃ¡ lÃ¢u so vá»›i tÃ¡c vá»¥ vÄƒn phÃ²ng cá»§a mÃ¬nh, nhÆ°ng náº¿u chá»‰nh sá»­a hÃ¬nh áº£nh nhÆ° pts, lightroom thÃ¬ mÃ¡y nÃ³ng nhanh vÃ  hao pin hÆ¡n.','5','Pháº¡m Ngá»c BÃ¬nh'
'326637','','Laptop mua láº§n Ä‘Ã u bá»‹ tráº§y xÆ°á»›c lá»ng Ã³c sau Ä‘em lÃªn Ä‘iá»‡n mÃ¡y xanh cÃ¡c báº¡n nhÃ¢n viÃªn há»— trá»£ nhiá»‡t tÃ¬nh vÃ  Ä‘Ã£ Ä‘á»•i Ä‘Æ°á»£c mÃ¡y má»›i','4','Huá»³nh Anh'
'327977','','MÃ¡y sd nÃ³ng quÃ¡ nÃ³ng,Ä‘Ã£ liÃªn há»‡ cá»­a hÃ ng Ä‘á»•i mÃ¡y má»›i mÃ  váº«n v, kÃªu lÃ  mÃ¡y má»›i cáº­p nháº­t,mÃ  trong khi chá»‰ cÃ³ nghe nháº¡c,há»c ol. MÃ¡y má»Ÿ lÃªn 35phÃºt lÃ  nÃ³ng r, nÃ³ng lÃªn cáº£ bÃ n phÃ­m','1','Nguyá»…n trÃ¢m'
'327977','','','4','Tháº¡ch'
'304543','','TÃ´i moi mua mÃ¡y dc 13 ngay gio máº¥t wi Co dc doi moi Ko','2','Nguyá»…n ThÃ nh LuÃ¢n'
'304543','','mÃ¡y oki áº¡ pin miá»…n k nghe nháº¡c Ã¡nh sÃ¡ng táº§m 40 e sÃ i Ä‘Æ°á»£c khoáº£ng 45 tiáº¿ng','5','Tuyáº¿t'
'304543','','MÃ¡y táº¡m á»•n. pin nhanh háº¿t','3','LÆ°Æ¡ng Tháº¿ Vinh'
'304543','','Sáº£n pháº©m tá»‘t.','5','CÃ´ng Ty Tnhh Nosu - Biotech'
'304543','','Tá»‘t','5','ThÆ°Æ¡ng'
'304543','','Ráº¥t tá»‘t','5','Anh Long'
'304543','','Tá»‘t','4','VO PHAN TOAN'
'304543','','','4','NgÃ´ má»¹'
'304543','','','4','Hiáº¿u Tráº§n'
'304543','','','4','ThuÃ½ Kiá»u'
'313333','','Sáº£n pháº§m tá»‘t mÃ¬nh test Ä‘á»™ mÆ°á»£t tháº¥y ok 9,5/10má»i ngÆ°á»i review pin mÃ¡y nÃ y nhanh háº¿t nhÆ°ng mÃ¬nh test tháº¥y ok cháº¯c lÃ  do cÃ¡ch má»i ngÆ°á»i chÆ¡i game vá»›i Ä‘á»™ sÃ¡ng mÃ n hÃ¬nh ná»¯a mÃ¬nh test 1h15 háº¿t 20% pin 9/10 ThÃ¡i Ä‘á»™ nhÃ¢n viÃªn ok mÃ¬nh mua á»Ÿ SiÃªu thá»‹ 237 Nguyá»…n An Ninh, KP. BÃ¬nh Minh 2, P. DÄ© An, TP. DÄ© An, T. BÃ¬nh DÆ°Æ¡ng Ngay ngÃ£ ba Nguyá»…n Tri PhÆ°Æ¡ngNguyá»…n An Ninh ngÃ y 12/2/2025 báº¡n nhÃ¢n viÃªn Nam tÆ° váº¥n cho mÃ¬nh ráº¥t ok gá»­i lá»i cáº£m Æ¡n báº¡n 10/10.TGDÄ cÃ³ nhiá»u KM mÃ¬nh cÃ³ dc voucher bÃªn app quÃ  táº·ng vip nÃªn ráº¥t ok ,cÃ³ giáº£m giÃ¡ cho HSSV. 10/10MÃ¬nh phÃ¢n vÃ¢n giá»¯a Cell phones vÃ  TGDÄ nhÆ°ng nghe má»i ngÆ°á»i rivew TGDÄ chÃ­nh sÃ¡ch báº£o hÃ nh rÃµ rÃ ng hÆ¡n nÃªn mÃ¬nh Ä‘Ã£ tháº¥y mÃ¬nh lá»±a chá»n Ä‘Ãºng.','5','QuyÃªn'
'313333','','Em mua laptop Ä‘c táº§m 1 thÃ¡ng, ban Ä‘áº§u bá»‹ lá»—i hiá»ƒn thá»‹ sai % pin, bÃªn TGDD Ä‘Ã£ liÃªn há»‡ há»— trá»£ em ráº±ng cáº­p nháº­t háº¿t cÃ¡c driver. Sau gáº§n 1 thÃ¡ng lá»—i hiá»ƒn thá»‹ sai pin váº«n kh kháº¯c phá»¥c Ä‘Æ°á»£c, dÃ¹ e Ä‘Ã£ cáº­p nháº­t Ä‘áº§y Ä‘á»§ háº¿t. Cáº¯m sáº¡c pin, Ä‘Ã¨n bÃ¡o Ä‘Ã£ hiá»‡n tráº¯ng lÃ  full pin nhÆ°ng % pin thÃ¬ mÃ£i kh lÃªn Ä‘Æ°á»£c 100%. CÃ¡i nÃ y cÃ³ cÃ¡ch nÃ o kháº¯c phá»¥c Ä‘Æ°á»£c kh áº¡','5','Nhung'
'313333','','MÃ¬nh Ä‘ang dÃ¹ng khÃ¡ á»•n náº¿u ai há»c táº­p vÄƒn phÃ²ng vÃ  Ä‘á»“ há»a cÆ¡ báº£n thÃ¬ nÃªn mua.','5','CN'
'313333','','Vá»«a mua xong thÃ¬ cÃ³ khuyáº¿n mÃ£i game.','2','LÃ¢m'
'313333','','HÃ´m nay má»›i ngÃ y thá»© 5 rÆ°á»›c em vá», Ä‘á»‘i vá»›i ká»¹ sÆ° cÃ´ng trÃ¬nh thÃ¬ deocj báº£n váº½ kiáº¿n trÃºc káº¿t cáº¥u con nÃ y ráº¥t mÆ°á»£t, mÃ¡y mÆ°á»£t trÆ¡n tru chÆ°a tháº¥y váº¥n Ä‘á» gÃ¬, cáº£m boeens vÃ¢n tay nháº­y. Cáº¥u hÃ¬nh tháº¿ há»‡ 12 háº­u tá»‘ H cho Ä‘á»“ hoáº¡ ok, giÃ¡ cáº£ quÃ¡ há»£p lÃ½, má»ng nháº¹ dá»… mang cáº§m thuyáº¿t trÃ¬nh.','5','BÃ¹i Ä‘Äƒng thuáº§n'
'313333','','Laptop sÃ i á»•n, cháº¡y mÆ°á»£t khÃ´ng bá»‹ Ä‘Æ¡, nhÆ°ng mÃ  vá»›i má»™t ngÆ°á»i lÃ m viá»‡c vs laptop á»Ÿ cÆ°á»ng Ä‘á»™ cao nhÆ° mÃ¬nh thÃ¬ pin láº¡i á»Ÿ dáº¡ng khÃ´ng trÃ¢u, vÃ  pin cá»§a mÃ¡y chá»‰ kÃ©o dÃ i Ä‘Æ°á»£c khoáº£ng 45tiáº¿ng Ã½','4','H GIÆ¯Æ NG MLÃ”'
'313333','','HÃ ng tá»‘t trong táº§m giÃ¡.','5','TrÆ°Æ¡ng Tháº¿ Há»c'
'313333','','sá»­ dá»¥ng Ä‘Æ°á»£c hÆ¡n 1 tuáº§n tháº¥y mÃ¡y táº¡m á»•n, chÆ¡i Ä‘Æ°á»£c game nháº¹ nhÆ° LOL , báº¯t wifi á»•n , má»Ÿ nhiá»u tap váº«n cháº¡y mÆ°á»£t .','4','NhÆ°'
'313333','','Tuyá»‡t vá»i','5','Khoa Hy'
'313333','','MÃ¬nh k biáº¿t sao Ä‘á»ƒ liÃªn há»‡ vá» lá»—i nÃ y. NguyÃªn nhÃ¢n lÃ  sao áº¡. HÃ¬nh nhÆ° mÃ¡y báº¯t sÃ³ng WF yáº¿u. VÃ  cÃ³ bá»‹ xung Ä‘á»™t gÃ¬ k. Giá» mÃ¬nh cáº§n liÃªn há»‡ Ä‘áº¿n sÄ‘t nÃ o áº¡','3','Chá»‹ TiÃªn'
'313333','','Ok','5','Nguyá»…n ToÃ n'
'313333','','Tá»‘t','5','Tuáº¥n Anh'
'313333','','sau 3 ngÃ y sá»­ dá»¥ng thÃ¬ cáº£m tháº¥y á»•n . MÃ n hÃ¬nh hÆ¡i run khi ngá»“i dÆ°á»›i quáº¡t sÃ i','5','Ba'
'313333','','','4','LiÃªm'
'313333','','','4','Nguyá»…n Thá»‹ Kiá»u Oanh'
'313333','','','4','Tráº§n Thá»‹ Anh ThÆ°'
'313333','','','5','Anh Tuan'
'330578','','Má»›i mua sáº¡c 100%, pin xÃ i chÆ°a dc 2 tiáº¿ng rÆ°á»¡i','3','LÃª VÄƒn Giá»i'
'330578','','MÃ¬nh má»›i mua vá» sá»­ dá»¥ng, nhÆ°ng vÃ¬ sao pin 100% mÃ  chá»‰ dÃ¹ng Ä‘Æ°á»£c hÆ¡n 2.5h','3','ThÃ¹y Linh'
'302533','','MÃ¡y bá»‹ lá»—i ráº¥t nhiá»u MÃ¡y hao pin quÃ¡ xÃ i táº§m 2h lÃ  háº¿t','3','Nguyá»…n Thá»‹ TrÃ  Mi'
'302533','','CÃ³ báº£o hÃ nh cá»¥c sáº¡c khi mua laptop khÃ´ng áº¡','3','Em Mi'
'302533','','NhÃ¬n chung tÃ´i dÃ¹ng tháº¥y á»•n. Chá»‰ cÃ³ loa nghe hÆ¡i nhá»','4','Chá»‹ LiÃªn'
'302533','','Sáº£n pháº©m tá»‘t','4','C Thu'
'302533','','Sai láº§m khi mua cÃ¡i mÃ¡y nÃ y, lá»—i tÃ¨ le. lÃºc má»›i mua Ä‘Æ°á»£c gáº§n 1 thÃ¡ng Ä‘Ã£ bá»‹ nhÃ²e mÃ n hÃ¬nh. ra há»i thÃ¬ bÃªn tÆ° váº«n nÃ³i khÃ´ng sao. há»— trá»£ nÃ¢ng cáº¥p lÃªn win 11. vá» thÃ¬ khÃ´ng mÃ¡y in ko nháº­n . pháº£i ra quÃ¡n háº¡ xuá»‘ng win 10. háº¡ xuá»‘ng thÃ¬ cÃ i Ä‘Æ°á»£c mÃ¡y in nhÆ°ng cÃ i mÃ£i ko Ä‘Æ°á»£c chuá»™t cáº£m á»©ng. ra Ä‘iá»‡n mÃ¡y thÃ¬ toÃ n chá»‰ gáº·p nhÃ¢n viÃªn mÃ  bÃªn IT khÃ´ng cÃ³. Ä‘áº¿n nay thÃ¬ mÃ n hÃ¬nh tá»± dÆ°ng bá»‹ tráº¯ng..........','2','LÃª Thá»‹ La'
'302533','','Sáº£n pháº©m tá»‘t','4','C Thu'
'302533','','Sai láº§m khi mua mÃ¡y nÃ y, thá»i gian xáº¡c pin báº±ng thá»i gian dÃ¹ng táº§m2h chÃºt','1','Anh ThÃ´ng'
'302533','','Tá»« lÃºc mua Ä‘áº¿n hiá»‡n táº¡i thÃ¬ Ä‘ang sá»­ dá»¥ng laptop nÃ y ráº¥t tá»‘t','5','Nguyá»…n Thá»‹ VÃ¢n ChÃ¢u'
'302533','','MÃ¡y hao pin khÃ¡ nhanh chá»‰ Ä‘Æ°á»£c táº§m hÆ¡n 2h. CÃ³ hiá»‡n tÆ°á»£ng nÃ³ng mÃ¡y. Lá»—i Ä‘áº§y á»• C nÃªn xá»­ lÃ­ nhÆ° nÃ o CÅ©ng khÃ´ng thá»ƒ táº£i á»©ng dá»¥ng qua microsoft store','3','e thÃºy'
'302533','','MÃ¬nh mua mÃ¡y hÃ´m 01/09 bá»¯a giá» cÅ©ng chÆ°a vá»c mÃ¡y nhiá»u chá»‰ má»›i dÃ¹ng xem phim vá»›i lÆ°á»›t youtube thÃ´i. CÃ³ má»Ÿ thá»­ nhiá»u trÃ¬nh duyá»‡t thÃ¬ tháº¥y chuyá»ƒn tab cÅ©ng mÆ°á»£t mÃ n hÃ¬nh sáº¯c nÃ©t loa to mÃ¡y cÃ³ bÃ n phÃ­m phá»¥ khÃ¡ há»£p cho dÃ¢n vÄƒn phÃ²ng káº¿ toÃ¡n.NhÆ°ng mÃ¡y tá»¥t pin khÃ¡ nhanh mÃ¬nh xem youtube táº§m ná»­a tiáº¿ng tháº¥y tá»¥t 30% rá»“i ráº¥t nhanh nÃ³ng mÃ¡y. Tháº¥y Ä‘a pháº§n ai cÅ©ng cÃ³ lá»—i nÃ y háº¿t','4','Nguyá»…n PhÆ°Æ¡ng UyÃªn'
'302533','','sáº£n pháº©m cháº¥t lÆ°á»£ng','5','Báº¡n Huáº¿'
'302533','','LuÃ´n máº¯c lá»—i nhÃ²e mÃ n hÃ¬nh...Ä‘Ã£ Ä‘c Ä‘á»•i sang cÃ¡i thá»© 2 mÃ  váº«n bá»‹','1','Dinh'
'302533','','Má»›i mua Ä‘Æ°á»£c 2 ngÃ y khÃ´ng biáº¿t bá»‹ gÃ¬ mÃ  nÃ³ cá»© khá»Ÿi Ä‘á»™ng láº¡i xong rá»“i nÃ³ giáº­t giáº­t qua mÃ n mÃ u xanh luÃ´n bÃ¢y giá» thÃ¬ háº¿t rá»“i Ä‘á»ƒ theo dá»—i thÃªm vÃ i ngÃ y ná»¯a xem sao','3','Nguyá»…n HoÃ ng Huy'
'302533','','MÃ¡y Ä‘áº¹p, loa nghe ráº¥t tá»‘t. QuÃ¡ ok','5','NGUYá»„N THá»Š Há»’NG HÃ€'
'302533','','Sáº£n pháº©m nÃ y sÃ i ráº¥t ok nhÆ°ng khi mua thÃ¬ khÃ´ng cÃ³ quÃ  táº·ng kÃ¨m gÃ¬ cáº£ chá»‰ Ä‘Æ°á»£c mÃµi chiáº¿c ba lÃ´ Ä‘á»±ng laptop thÃ´i hi!','5','LÃª VÄƒn Thá»‘ng'
'302533','','MÃ¡y má»›i mÃ  pin hao nhanh, Ä‘ang bá»‹ lá»—i pháº£i gá»­i Ä‘i bh','2','Nguyá»…n Thá»‹ PhÆ°Æ¡ng ThÃºy'
'302533','','Moi mua tháº¥y á»•n, nv tu van nhiet tinh. MÃ¡y cháº¡y Ãªm','5','Chá»‹ Chung'
'302533','','mÃ¡y Ä‘áº¹p xÃ i lÃ¢u hÆ¡i nÃ³ng','5','Há»“ng Háº¡nh'
'302533','','Ráº¥t tá»‘t','5','LÃª Thá»‹ Ãnh Tuyáº¿t'
'302533','','MÃ¡y cháº­m so vá»›i quáº£ng cÃ¡o','3','Anh TrÃºc'
'302533','','MÃ¡y xÃ i hay báº¯t update win dÃ¹ Ä‘Ã£ táº¯t cáº­p nháº­t tháº­t sá»± khÃ³ chá»‹u. MÃ¡y chÆ¡i game náº·ng chÃºt cÅ©ng dá»… Ä‘Æ¡ . KhÃ´ng Ä‘Ã¨n bÃ n phÃ­m . DÃ¹ng tÃ¡c vá»¥ vÄƒn phÃ²ng thÃ¬ ok','3','Thuá»·'
'302533','','MÃ¡y dÃ¹ng mÆ°á»£t, á»•n Ä‘á»‹nh, xá»©ng Ä‘Ã¡ng táº§m tiá»n.','5','NÃ”NG VÄ‚N HÆ¯NG'
'302533','','Tá»‘t','4','Chá»‹ Háº±ng'
'302533','','MÃ¡y cháº¡y Ãªm khÃ¡ mÆ°á»£t,loa to nghe nháº¡c hay.Máº«u mÃ£ mÃ¡y quÃ¡ Ä‘áº¹p vÃ  nháº¹','4','TRáº¦N . NGHÄ¨A'
'302533','','MÃ¡y ráº¥t ok, náº¿u nháº¹ hÆ¡n xÃ­u thj quÃ¡ Ä‘Ã£ lun','4','VÅ© Thá»‹ Mai'
'302533','','Tá»‘t','4','Chá»‹ Háº£i'
'302533','','Amazing good services','5','Nguyá»…n HoÃ ng VÅ©'
'302533','','Tá»‘t','4','Nguyá»…n ThÃ nh Háº£i'
'302533','','Tá»‘t','4','Anh Háº­u'
'302533','','ok','4','PhÆ°á»£ng'
'302533','','Tá»‘t','4','VÅ© VÄƒn Ngá»c'
'302533','','Sp dÃ¹ng ráº¥t ok','4','Chá»‹ VÅ© Thá»‹ ThÆ¡m'
'302533','','ok','5','Pháº¡m Nguyá»…n HÆ°Æ¡ng Quá»³nh'
'302533','','Tá»‘t','5','VÅ© Minh QuÃ¢n'
'302533','','Ok','5','Chá»‹ Thá»§y'
'302533','','sáº£n pháº©m ráº¥t tá»‘t áº¡ , nhÃ¢n viÃªn cÅ©ng ráº¥t nhiá»‡t tÃ¬nh','5','BÃ­ch TrÃ¢m'
'302533','','CÃ¡c báº¡n nhÃ¢n viÃªn nhiá»‡t tÃ¬nh chu Ä‘Ã¡o','5','Chá»‹ ThuÃ½'
'302533','','Bin ko thong bao va tut binh nhanh','1','Nguyá»…n Duy Tá»‹nh'
'302533','','Good but the speakers built should be different','4','Miela'
'302533','','','5','LÃª Thá»‹ Hiá»n'
'302533','','','5','Anh Viá»‡t'
'302533','','','5','LÃª thá»‹ huyá»n trang'
'302533','','','5','Báº¡n Nga'
'302533','','','4','Nguyá»…n Quá»‘c HÆ°ng'
'302533','','','5','DÆ°Æ¡ng Thuá»³ Linh'
'302533','','','5','HÃ€ PHÆ¯á»šC HIá»€N'
'302533','','','3','DÆ°Æ¡ng Minh Cáº£nh'
'302533','','','3','Chá»‹ TÃ¢m'
'302533','','','5','Nguyá»…n VÄƒn Háº­u'
'302533','','','5','Nguyá»…n Thanh PhÃºc'
'302533','','','3','Anh TrÆ°á»ng'
'310447','','khÃ´ng cÃ³ nhiá»u kinh nghiá»‡m xÃ i laptop láº¯m nhÆ°ng theo mÃ¬nh thÃ¬ cÃ¡i nÃ y xÃ i mÆ°á»£t, á»•n nha','5','Äáº·ng Quá»‘c Huy'
'310447','','XÃ i khÃ¡ á»•n, ngon trong táº§m giÃ¡','5','Pháº¡m Minh Triáº¿t'
'310447','','','5','Tráº§n Quang Minh'
'310447','','','4','Nguyá»…n Thanh TÃ­n'
'321468','','MÃ¡y má»ng nháº¹, Ä‘áº¹p, mÃ n hÃ¬nh sáº¯c nÃ©t, hiá»‡u nÄƒng cao, Ä‘Ã¡p á»©ng cÃ¡c file lá»›n cháº¡y mÆ°á»£t','5','Viá»‡t DÅ©ng'
'321468','','Nhanh nhÆ° tia chá»›p','5','Nguyá»…n Tuáº¥n Huy'
'321468','','Hiá»‡n táº¡i SD tháº¥y ok . ChÆ°a cÃ³ trá»¥c tráº·c gÃ¬.','5','Nguyá»…n Thi Hiá»n'
'328951','','','5','Thach'
'314849','','Ok','5','Nguyá»…n VÄƒn ThÃªm'
'314849','','Mua vá» nhÆ°ng pin dÃ¹ng soáº¡n tháº£o vÄƒn báº£n, xem vtv mÃ  chá»‰ cÃ³ Ä‘Æ°á»£c khoáº£ng 2 tiáº¿ng. Cháº¯c pháº£i báº£o hÃ nh pin.','3','Tá»‘ng Chiáº¿n'
'314849','','GÃ“C CHIA Sáºº TRáº¢I NGHIá»†M Dá»ŠCH Vá»¤ Báº¢O HÃ€NH Tá»† Háº I BÃŠN MSI 28/7 vá»«a qua mÃ¬nh mua 1 chiáº¿c laptop msi bravo 15 B7ED R5 bÃªn há»‡ thá»‘ng Ä‘iá»‡n mÃ¡y xanh. Má»¥c Ä‘Ã­ch mua vá» Ä‘á»ƒ chÆ¡i genshin impact vÃ  1 vÃ i viá»‡c nháº¹ thÃ´i nÃªn khi nháº­n mÃ¡y mÃ¬nh táº£i game á»Ÿ chi nhÃ¡nh Ä‘á»ƒ test, tuy nhiÃªn tá»‘c Ä‘á»™ táº£i cháº­m nÃªn mÃ¬nh test qua mÃ n hÃ¬nh vÃ  1 vÃ i cÃ¡i ná»¯a rá»“i mang vá» dÃ¹ng. NhÃ¢n viÃªn bÃªn dmx váº«n tÆ° váº¥n nhiá»‡t tÃ¬nh Ä‘á»ƒ khÃ¡ch hÃ ng cÃ³ giÃ¡ tá»‘t nháº¥t. Trong tuáº§n Ä‘áº§u dÃ¹ng mÃ¡y ráº¥t hay cÃ³ hiá»‡n tÆ°á»£ng káº¿t ná»‘i wifi cháº­p chá»n, nhiá»u lÃºc máº¥t káº¿t ná»‘i pháº£i reset má»›i cÃ³ láº¡i. Loa dÃ¨, káº¿t ná»‘i tai nghe cÅ©ng bá»‹ dÃ¨, khoáº£ng 510 láº¡i Ä‘Æ¡ giáº­t mÃ n hÃ¬nh dÃ¹ chá»‰ báº­t vÃ i tab chrome lÆ°á»›t web. Khoáº£ng mÃ¹ng 3,4 thÃ¡ng 8 mÃ¬nh mang qua Ä‘iá»‡n mÃ¡y xanh Ä‘á»ƒ gá»­i hÃ£ng báº£o hÃ nh, mÃ¬nh tá»± ghi háº¿t cÃ¡c lá»—i gáº·p pháº£i Ä‘á»ƒ nhÃ¢n viÃªn lÃ m cho nhanh vÃ¬ báº¡n Ã½ cÅ©ng kh tháº¡o láº¯m. Äáº¿n ngÃ y 9/8 nhÃ¢n viÃªn bÃªn dmx bÃ¡o mÃ¬nh mÃ¡y Ä‘Ã£ báº£o hÃ nh xong, mÃ¬nh qua láº¥y mÃ¡y vá» sá»­ dá»¥ng. KhÃ´ng biáº¿t bÃªn báº£o hÃ nh MSI cÃ³ nháº­n Ä‘Æ°á»£c thÃ´ng tin khÃ¡ch hÃ ng báº£o hÃ nh nhÆ° sdt cá»§a mÃ¬nh kh, tuy nhiÃªn trong 1 tuáº§n báº£o hÃ nh Ä‘Ã³ kh cÃ³ nhÃ¢n viÃªn bÃªn hÃ£ng MSI liÃªn há»‡ cho mÃ¬nh. MÃ¡y vá» chá»‰ cÃ i láº¡i win, nhÃ¢n viÃªn bÃªn Ä‘Ã³ cháº¡y máº¥y pháº§n má»m test hiá»‡u nÄƒng xong tháº­m chÃ­ Ä‘á»ƒ nguyÃªn váº­y khÃ´ng xoÃ¡ Ä‘i, cÅ©ng kh thÃ´ng bÃ¡o káº¿t quáº£ gÃ¬ cho khÃ¡ch hÃ ng lÃ  mÃ¬nh VÃ€ QUAN TRá»ŒNG NHáº¤T LÃ€ MÃY Báº¢O HÃ€NH XONG VáºªN Bá»Š Lá»–I Y NHÆ¯ BAN Äáº¦U.SÃ¡ng 10/8 mÃ¬nh há»i bÃªn dmx sdt báº£o hÃ nh cá»§a hÃ£ng thÃ¬ nhÃ¢n viÃªn bÃ¡o sá»‘ xxxx3000911 . Gá»i thÃ¬ tháº¥y hiá»‡n lÃ  FPT Services, nÃªn mÃ¬nh cÃ³ há»i láº¡i bÃªn dmx cÃ³ nháº§m kh thÃ¬ Ä‘Æ°á»£c thÃ´ng bÃ¡o lÃ  hÃ£ng MSI chá»‰ cho duy nháº¥t sá»‘ Ä‘Ã³. MÃ¬nh gá»i sá»‘ xxxx3000911 tá»« lÃºc 8h Ä‘áº¿n 9 rÆ°á»¡i sÃ¡ng chi nhÃ¡nh hÃ  ná»™i KHÃ”NG 1 AI NGHE, pháº£i káº¿t ná»‘i chi nhÃ¡nh nghá»‡ an vÃ  nhá» nhÃ¢n viÃªn trong Ä‘Ã³ liÃªn há»‡ chi nhÃ¡nh hÃ  ná»™i giÃºp mÃ¬nh, nhÆ°ng nhÃ¢n viÃªn thÃ¡i Ä‘á»™ ráº¥t tá»‡. Äáº¿n gáº§n 10h má»›i cÃ³ nhÃ¢n viÃªn chi nhÃ¡nh hÃ  ná»™i báº¯t mÃ¡y, mÃ¬nh cÃ³ há»i hÃ´m nay ká»¹ thuáº­t bÃªn báº¡n Ä‘i lÃ m kh, bÃ¡n Ä‘Ã³ bÃ¡o kh vÃ  mÃ¬nh yÃªu cáº§u THá»¨ 2 TUáº¦N Tá»šI LIÃŠN Há»† Láº I Vá»šI MÃŒNH NGAY Äá»‚ GIáº¢I QUYáº¾T. TUY NHIÃŠN Äáº¾N HÃ”M NAY LÃ€ THá»¨ 6 NGÃ€Y 16/8 VáºªN KHÃ”NG CÃ“ 1 NHÃ‚N VIÃŠN NÃ€O BÃŠN MSI LIÃŠN Há»† MÃŒNH Äá»‚ GIáº¢I QUYáº¾T. HÃƒNG LÃ€M VIá»†C QUÃ VÃ” TRÃCH NHIá»†M.MÃ¬nh cÃ³ gá»­i kÃ¨m 1 sá»‘ thÃ´ng tin video, hÃ¬nh áº£nh khi sá»­ dá»¥ng lap msi nÃ y cho cÃ¡c báº¡n tham kháº£o, BUILD Cá»°C Tá»†, Äá»‚ Gáº¦N QUáº T MÃ€ MÃ€N HÃŒNH Gáº¬T GÃ™ HÆ N PHÃŠ THUá»C CÃC Báº N THAM KHáº¢O Äá»‚ TRÃNH Bá»Š TRÆ¯á»œNG Há»¢P NHÆ¯ MÃŒNH','2','nam'
'314849','','Háº­u chÄƒm sÃ³c khÃ¡ch hÃ ng tá»‡.LÃºc mua hÃ ng ráº¥t ok tá»›i khi mÃ¡y gáº·p váº¥n Ä‘á» nháº¯n tin cáº§n há»— trá»£ thÃ¬ bÆ¡ quÃ¡ bÆ¡ khÃ¡ch hÃ ng.Báº£n thÃ¢n mua sáº£n pháº©m táº¡i TGDÄ trÆ°á»›c giá» mÃ  tháº­t sá»± tá»›i thá»i Ä‘iá»ƒm hiá»‡n táº¡i nha dÃ¹ biáº¿t tÃ¹y Ä‘á»‹a Ä‘iá»ƒm nhÆ°ng tháº­t sá»± cÃ¡ch thá»©c bÃ¡n hÃ ng Ä‘i xuá»‘ng.Cháº¯c cháº¯n 1 Ä‘iá»u sau chuyá»‡n nÃ y vá»›i tÃ´i TGDÄ cÅ©ng chá»‰ lÃ  1 cá»§a hÃ ng bÃ¬nh thÆ°á»ng khÃ´ng khÃ¡c gÃ¬ nhá»¯ng cá»­a hÃ ng chá»£ trá»i khÃ¡c,nhiá»u khi nhá»¯ng cá»­a hÃ ng ngoÃ i Ä‘Ã³ lÃ m tá»‘t hÆ¡n nhiá»u so vá»›i má»™t há»‡ thá»‘ng lá»›n cá»­a TGDÄ.QuÃ¡ chÃ¡n ,quÃ¡ tháº¥t vá»ng.','1','Quá»‘c Thiá»‡n'
'314849','','SÃ i ngon ,giÃ¡ khuyáº¿n mÃ£i tá»‘t Sáº½ giá»›i thiá»‡u cho báº¡n bÃ¨ .....','5','Nguyá»…n XuÃ¢n HÃ¹ng'
'314849','','mÃ¡y khÃ¡ ok, chá»‰ cÃ³ tiáº¿ng quáº¡t hÆ¡i á»“n xÃ­u, pin sÃ i nghe nháº¡c khoáº£ng hÆ¡n 3 tiáº¿ng, bÃ n phÃ­m cÃ³ Ä‘á»™ náº£y cao, khÃ¡ mÆ°á»£t hy vá»ng sáº½ dÃ¹ng á»•n vÃ  khÃ´ng bá»‹ váº¥n Ä‘á» gÃ¬.','4','nguyá»…n vÄƒn cÃ´ng'
'314849','','mÃ¡y á»•n trong táº§m giÃ¡, nhÆ°ng lÃ¢u lÃ¢u cÅ©ng bá»‹ lá»—i win tá»± khá»Ÿi Ä‘á»™ng láº¡i lÃºc má»›i báº­t mÃ¡y cÃ²n láº¡i thÃ¬ dÃ¹ng ok','4','Tráº§n ÄÄƒng Khoa'
'314849','','mÃ¡y á»•n trong táº§m giÃ¡','5','LÃª Quang Háº­u'
'314849','','Ngon, má»—i tá»™i tiáº¿ng quáº¡t giÃ³ hÆ¡i to','5','HoÃ ng Trá»ng NghÄ©a'
'314849','','dá»‹ch vá»¥ tháº­t sá»± khÃ¡ chÃ¡n mua cÃ³ sá»± kiá»‡n thanh toÃ¡n qua ocb Ä‘Æ°á»£c giáº£m 500k nhÆ°ng mÃ  ko Ä‘Æ°á»£c giáº£m chá»‰ giáº£m cho 150k Ä‘Ã£ tháº¿ cháº£ há»— trá»£ chuyá»ƒn dá»¯ liá»‡u á»• cá»©ng gÃ¬ cáº£ cÃ¡i nÃ y mÃ¬nh bá» qua Ä‘Æ°á»£c trang web thÃ¬ lá»—i tÃ¹m lum lÃºc cÃ³ lÃºc khÃ´ng mua cÃ¡i laptop nÃ y thÃ¬ máº¥y tiáº¿ng lÃ  cÃ³ mÃ  balo thÃ¬ giá»¥c máº¥t 5 ngÃ y balo vá» thÃ¬ cháº£ gá»i máº·c dÃ¹ nÃ³i sáº½ gá»i Ä‘iá»‡n cho Ä‘áº¿n lÃºc Ä‘áº¿n mua má»›i tÃ© ra pháº£i tráº£ thÃªm tiá»n ship 100k Ä‘á»ƒ mua nÃªn Ä‘Ã nh mua cÃ¡i balo 50k bÃªn cá»­a hÃ ng váº­y mua xong má»›i biáº¿t cÃ¹ng giÃ¡ nÃ y thÃ¬ bÃªn hÃ£ng khÃ¡c cÃ²n táº·ng Ä‘áº§y Ä‘á»§ phá»¥ kiá»‡n chuá»™t ba lÃ´ nÃ¢ng cáº¥p cÃ¢n mÃ u free ngay luÃ´n chá»© ko pháº£i giá»¥c dÃ¹ cháº¥p nháº­n bá» tiá»n Ä‘á»ƒ mua cÃ¡i balo cá»© kÃªu khuyáº¿n mÃ£i cÃ¡c kiá»ƒu mÃ  mua xong cá»© nhÆ° bá»‹ há»› tiá»n nhiá»u hÆ¡n mÃ  dá»‹ch vá»¥ chÃ¡n sáº½ khÃ´ng cÃ³ láº§n thá»© hai','2','Nguyá»…n Äá»©c ThÃ nh'
'314849','','','5','Nguyá»…n ChÃ­ Tháº¡nh'
'314849','','','4','Truyá»n'
'330169','','MÃ¡y khÃ¡ náº·ng thÃ­ch há»£p chÆ¡i game , tiáº¿ng quáº¡t nhÆ° mÃ¡y bay pháº£n lá»±c hÆ¡i Ã´n, chÆ¡i game cá»±c Ä‘á»‰nh, mÃ¡t mÃ¡y','4','LÃª Minh hiá»ƒn'
'330169','','Con card 4060 nÃ y Äƒn bao nhiÃªu W Ä‘iá»‡n váº­y shop','4','Hiá»‡u'
'330169','','T cÃ³ mua cÃ¢y Laptop Acer Predator Helios Neo PHN16 71 53M7 i5 13500HX/16GB/512GB/8GB RTX4060/165Hz/Win11. Sá»­ dá»¥ng Ä‘Æ°á»£c vÃ i ngÃ y thÃ¬ phÃ¡t hiá»‡n lá»—i pháº§n cá»©ng khung mÃ n hÃ¬nh. Äem ra Ä‘iá»‡n mÃ¡y xanh báº£o hÃ nh Ä‘Æ°á»£c quáº£n lÃ½ Ä‘iá»‡n mÃ¡y xanh há»™ trá»£ ráº¥t nhiá»‡t tÃ¬nh. Kiá»ƒm tra Ä‘Ãºng lá»—i nhÃ  sáº£n xuáº¥t vÃ  T Ä‘Æ°á»£c Ä‘á»•i ngay 1 cÃ¢y laptop má»›i. Phá»¥c vá»¥ khÃ¡ch hÃ ng ráº¥t tá»‘t cá»§a Ä‘iá»‡n mÃ¡y xanh. LÃ m T ráº¥t hÃ i lÃ²ng.','5','Ly Nam'
'330169','','thiáº¿t káº¿ mÃ¡y quÃ¡ háº§m há»‘ cá»¥c má»‹t vÃ  náº·ng. Nma vá»›i táº§m giÃ¡ 25xxx ko thá»ƒ tÃ¬m Ä‘c con rtx 4060 nÃ o nháº­n 140w Ä‘iá»‡n cÃ³ mÃ n 2.5k 16in Ä‘Æ°á»£c, vá»›i mÃ¬nh nÃ³ lÃ  mÃ¡y á»•n trong phÃ¢n khÃºc giÃ¡ cao cáº¥p dá»… so sÃ¡nh thÃ¬ mÃ¡y sáº½ ngang 1 con legion 5 30 Ä‘áº¿n 33tr sÄƒn thÃ¬ dÆ°á»›i 29xxx xÃ­u thÃ¬ vÃ¬ Ä‘Ã£ tráº£i nghiá»‡m cáº£ 2 thÃ¬ neo cho ra má»©c nhiá»‡t siÃªu á»•n Ä‘á»‹nh khÃ´ng nÃ³ng Ä‘Ã¡ng Ä‘á»ƒ mua trong táº§m giÃ¡ may lÃ  cÃ³ há»— trá»£ thunderbolt 4 Ä‘á»ƒ mÃ¬nh dÃ¹ng sac rá»i 120w cá»§a dth váº«n nháº­n Ä‘c nma ko tá»‘i Ä‘a, ai ko thÃ­ch thiáº¿t káº¿ quÃ¡ háº§m há»‘ gaming cá»¥c má»‹ch vÃ  tiáº¿ng quáº¡t quÃ¡ á»“n vÃ  lap quÃ¡ náº·ng thÃ¬ ko nÃªn mua, náº¿u cÃ¡c yáº¿u tá»‘ ká»ƒ trÃªn ko áº£nh hg Ä‘áº¿n nhu cáº§u sá»­ dá»¥ng cá»§a báº¡n thÃ¬ nÃ³ lÃ  1 chiáº¿c lap hoÃ n háº£o trong táº§m giÃ¡ cÃ¢n má»i tÃ¡c vá»¥ náº·ng nháº¹ vÃ  lÃ m edit vÃ¬ mÃ n phá»§ 100% srgb ko pháº£i mua mÃ n rá»i Ä‘Ã¡nh giÃ¡ 4.3 trÃªn 5 sao lÃ  Ä‘iá»ƒm cá»§a mÃ¬nh cho neo báº£n 2023 nÃ y','4','HoÃ ng Trá»ng NhÃ¢n'
'330169','','Má»™t con mÃ¡t máº¡nh nháº¥t phÃ¢n khÃºc 26tr Ä‘á»• láº¡i. Nhiá»u nhÃ¢n nhiá»u luá»“ng, mÃ n Ä‘áº¹p lÃ m Ä‘á»“ hoáº¡ bÃ¡ chÃ¡y nhÆ°ng tiáº¿c lÃ  ko cÃ³ sáº£n pháº©m nÃ o khÃ¡c cÃ³ mÃ n 2k, hiá»‡u nÄƒng quÃ¡ máº¡nh vá» cpu láº«n gpu tuy nhiÃªn mÃ¡y dá»… bÃ¡m vÃ¢n tay vÃ  dá»… nháº­n tháº¥y bá»¥i nÃªn nhiá»u ngÆ°á»i sáº½ cÃ³ thá»ƒ tháº¥y khÃ³ chá»‹u cÃ²n láº¡i thÃ¬ ko cÃ²n gÃ¬ pháº£i chÃª.','5','Minh Quang'
'330169','','Sáº£n pháº©m mÃ¬nh mua Ä‘Æ°á»£c vá»›i giÃ¡ hÆ¡n 24tr. Cáº£m tháº¥y giÃ¡ nÃ y mÃ  cáº¥u hÃ¬nh nhÆ° váº­y thÃ¬ ráº¥t OK. Máº·t lÆ°ng kim loáº¡i mÃ¡t láº¡nh, chÆ¡i game, lÃ m dá»± Ã¡n Ä‘á»“ há»a Ä‘áº¹p máº¯t. Chá»‰ cÃ³ cÃ¡i táº·ng balo hÆ¡i dÆ° thá»«a. NÃªn cho khÃ¡ch hÃ ng tÃ¹y chá»n khÃ´ng láº¥y balo giáº£m tiá»n thÃ¬ sáº½ phÃ¹ há»£p hÆ¡n.','5','Thanh PhÃº'
'311145','','','5','Minh Nháº­t'
'327409','','MÃ¡y tá»‡ , bá»‹ láº«n lá»™n phÃ­m','1','Äá»— CÃ´ng minh'
'326641','','E má»›i mua Ä‘Æ°á»£c 3 ngÃ y nhÆ°ng má»—i láº§n báº­t mÃ¡y lÃªn ko sá»­ dá»¥ng Ä‘Æ°á»£c hÃ ng phÃ­m sá»‘','3','Huyá»n'
'323587','','Cho mÃ¬nh há»i, sao pháº§n Office 365 cá»§a mÃ¬nh khÃ´ng Ä‘Æ°á»£c kÃ­ch hoáº¡t váº­y Xin hÆ°á»›ng dáº«n áº¡, mÃ¬nh mua ngÃ y 28 táº¿t.','4','Thá»‹nh'
'323587','','Bá»¯a mua Ä‘c giÃ¡ 12tr quÃ¡ Ãªm ,mÃ¡y quÃ¡ mÆ°á»£t so vá»›i táº§m giÃ¡ 12tr','5','Nguyá»…n vÄƒn TrÆ°á»ng'
'323587','','GiÃ¡ á»Ÿ Ä‘Ã¢y 1 Ä‘áº±ng ra tiá»‡m 1 náº»o, má»›i mua hÃ´m trÆ°á»›c 13tr4 mÃ  nay 12tr3. Cháº¯c láº§n cuá»‘i mua tgdÄ‘.','3','LÃª báº£o'
'323587','','Giáº­n dá»… sá»£ má»›i mua giÃ¡ 16.420 lÃºc 1h máº¥y.HGiá» 4h20 lÃªn xem láº¡i 14.290.','4','Nhi'
'329789','','MÃ¡y nÃ y xin láº¯m','5','Äinh Quang Máº¡nh'
'315906','','MÃ¬nh mua mÃ¡y Ä‘Æ°á»£c 2 tuáº§n xÃ i ráº¥t hÃ i lÃ²ng, do cÃ´ng viá»‡c mÃ¬nh liÃªn quan Ä‘áº¿n xá»­ lÃ½ data má»Ÿ nhiá»u tab mÃ¡y cháº¡y ráº¥t mÆ°á»£t.','5','Ngá»c TrÃ¢n'
'327981','','Má»›i mua Ä‘Æ°á»£c 3 tuáº§n mÃ  máº¥y ngÃ y Ä‘áº§u thÃ¬ bÃ¡o lá»—i tá»± restart, rá»“i Ä‘áº¿n tuáº§n thá»© 3 lÃºc thÃ¬ Ä‘Æ¡ hoÃ n toÃ n cáº£ mÃ¡y lÃºc thÃ¬ tá»± táº¯t mÃ n hÃ¬nh rá»“i kÃªu Ã¹ Ã¹ luÃ´n. ChÃ¡n ghÃª luÃ´n','2','Ninh Thá»‹ Nga'
'313177','','Cho em há»i lÃ m tháº¿ nÃ o Ä‘á»ƒ keyboard brightness báº­t liÃªn tá»¥c mÃ  khÃ´ng tá»± táº¯t áº¡. Em cáº£m Æ¡n','4','ÄÄƒng Chá»©c'
'313177','','Sp sá»­ dá»¥ng ráº¥t ok nhÃ© mn','5','Hiáº¿u'
'313177','','','5','Thanh HÃ¹ng'
'320431','','ráº¥t nÃ³ng mÃ¡y, quÃ¡ sai láº§m khi bá»i ra sá»‘ tiá»n nnhuw váº­y','1','aFFFFF'
'320431','','xÃ i mÆ°á»£t ,máº·c dÃ¹ váº«n cÃ²n nÃ³ng nhÆ°ng chá»‰ lÃºc sáº¡c lÃ  nÃ³ng nháº¥t. MÃ u báº¡c Ä‘áº¹p hÆ¡n. Má»ng nháº¹ nhÃ¬n thanh lá»‹ch . MÃ¬nh Ä‘ang test thá»­ cháº¡t má»™t sá»‘ pháº§n má»m design nÃªn chÆ°a rÃµ Ä‘Æ°á»£c hiá»‡u nÄƒng . Thao tÃ¡c VP ok','4','PhÆ°Æ¡ng Quáº¿'
'320431','','Vá»«a má»›i láº¥y hÃ´m qua, nhá» gá»n vÃ  phong cÃ¡ch Ä‘áº³ng cáº¥p, ngoáº¡i hÃ¬nh Ä‘áº¹p, mÃ n hÃ¬nh rÃµ nÃ©t, loa vá»«a pháº£i khÃ´ng xuáº¥t sáº¯c láº¯m. NhÃ¢n viÃªn siÃªu thá»‹ TGDD 1077 Háº­u Giang tÆ° váº¥n nhiá»‡t tÃ¬nh.','5','Tráº§n Nháº¥t Linh'
'320431','','Good','4','Anh Äiá»n'
'320431','','Pin á»•n, mÃ n Ä‘áº¹p, nhÆ°ng khung nhÃ´m hÆ¡i chÃ¡n, cáº§m 2 tay lÃªn ngay chá»— gáº§n bÃ n phÃ­m cá»© kÃªu tÃ¡ch tÃ¡ch cáº£m giÃ¡c khÃ´ng cháº¯c cháº¯n. Vá» mÃ¡y khÃ´ng biáº¿t shop cÃ³ báº£o hÃ nh khÃ´ng','3','DÆ°Æ¡ng Thá»‹ Thá»§y TiÃªn'
'320431','','MÃ¡y mÆ°á»£t, pin trÃ¢u, nhÃ¢n viÃªn táº¡i 359 LÃª VÄƒn SÄ© há»— trá»£ nhiá»‡t tÃ¬nh.','5','Sang'
'320431','','sáº£n pháº©m cháº¥t lÆ°á»£ng. sáº½ á»§ng há»™ thÃªm láº§n sau','5','A tÃº'
'315909','','','5','Huá»³nh Táº¥n CÆ°á»ng'
'328946','','Tuyá»‡t vá»i','5','Nguyá»…n Nháº¥t Huy'
'328473','','T má»›i mua mÃ¡y chÆ°a Ä‘Æ°á»£c 2 thÃ¡ng mÃ  Ä‘Ã£ liá»‡t nhiá»u phÃ­m. Giá» mang Ä‘i báº£o hÃ nh, sá»­a, khÃ¡c gÃ¬ nháº­n vá» 1 mÃ¡y cÅ©.','2','Thuá»·'
'313627','','ok','5','ThÃ nh'
'313627','','MÃ¡y mÃ¬nh mua ngÃ y 10/12/2024. Ban Ä‘áº§u vá» xÃ i sáº¡c váº«n Ä‘á»§ 100%, nhÆ°ng gáº§n Ä‘Ã¢y cáº¯m sáº¡c Ä‘Ã¨n bÃ¡o full nhÆ°ng váº«n chá»‰ á»Ÿ má»©c 99% lÃ  sao nhá»‰','4','NguyÃªn VÄƒn Pho'
'313627','','Cho há»i sao tÃ´i tháº¥y Ä‘á»ƒ cÃ³ táº·ng chuá»™t k dÃ¢y khi mua online, mÃ  cá»§a tÃ´i k tháº¥y cÃ³ áº¡','4','Nhung'
'313627','','MÃ¡y dÃ¹ng á»•n Ä‘á»‹nh, chá»©c nÄƒng tá»‘t, nhÃ¢n viÃªn nhiá»‡t tÃ¬nh. Tuy nhiÃªn, hÃ´m nay mÃ¬nh kiá»ƒm tra mÃ¡y thÃ¬ tháº¥y mÃ¬nh mua mÃ¡y má»›i sao láº¡i nháº­n Ä‘Æ°á»£c mÃ¡y Ä‘Ã£ kÃ­ch hoáº¡t Ä‘Æ°á»£c 16 thÃ¡ng rá»“i Mong Tháº¿ giá»›i di Ä‘á»™ng giáº£i thÃ­ch.','4','LÃª CÆ°Æ¡ng'
'313627','','ráº¥t tuyá»‡t vá»i','5','Há»“ng Anh'
'313627','','tá»‘t','5','Nam'
'313627','','DÃ¹ng ok','5','LÃª XuÃ¢n Quá»³nh'
'313627','','MÃ¡y xÃ i á»•n','4','TRAN'
'313627','','','5','Anh Hiá»‡p'
'317709','','Máº¥y anh chá»‹ em dÃ¹ng Laptop ko cáº¯m sáº¡c rá»“i kÃªu mÃ¡y Ä‘Æ¡ , mÃ¡y lag nÃ y ná» CÅ©ng ná»ƒ máº¥y bÃ¡c luÃ´n','4','Manucian main'
'317709','','Xin cÃ¡ch Ä‘á»•i mÃ u bÃ n phÃ­m','3','Mai Trung KiÃªn'
'317709','','sáº£n pháº©m tá»‘t','4','Tráº§n LÃª PhÃ¡p'
'317709','','TÃ m táº¡m, lÃ¢u lÃ¢u bá»‹ Ä‘Æ¡ xÃ­u.','4','Tráº§n Thanh Tháº¿'
'317709','','TÆ°á»Ÿng gaming náº·ng nhÆ°ng mÃ¡y nÃ y nháº¹. Sd mÆ°á»£t láº¯m. MÃ n nhÆ°ng FHD nhÆ°ng mÃ¡y nÃ y mÃ u Ä‘áº¹p ko nhá»£t. NÃ³i chung tháº¥y ok.','5','Duy Khang'
'317709','','Thá»‰nh thoáº£ng bá»‹ Ä‘Æ¡','3','VÄƒn'
'317709','','mua Ä‘Æ°á»£c 1 tuáº§n, mÃ¡y nÃ³ng, log in cháº­m, lÃ¢u lÃ¢u bá»‹ Ä‘Æ¡','2','Ngoc'
'317709','','MÃ¬nh chÆ°a dÃ¹ng háº¿t tÃ­nh nÄƒng nÃªn cÅ©ng khÃ´ng biáº¿t','3','ÄÃ o Duy HÃ¹ng'
'317709','','MÃ¡y xÃ i khá»Ÿi Ä‘á»™ng hÆ¡n cháº­m cho dÃ¹ chÆ°a cÃ i gÃ¬ nhiá»u. MÃ¡y má»›i mua 21.990.000d mÃ  giá» giáº£m cÃ²n 20.990.000d rá»“i, tháº­t Ä‘au lÃ²ng D','4','Nguyá»…n Há»¯u Tiáº¿n'
'317709','','Tuyá»‡t vá»i','5','Nguyá»…n VÄƒn Long'
'317709','','Hiá»‡n táº¡i váº«n á»•n','3','PhÃºc'
'317709','','','4','Hiá»‡p'
'317709','','','5','Anh PhÆ°Æ¡ng'
'317709','','','5','Pháº¡m Nguyá»…n Kháº£ VÃ¢n'
'313332','','HÆ¡i tháº¥t vá»ng, má»Ÿ 1 file CAD lÃªn mÃ¡y váº«n Ä‘á»©ng. KhÃ´ng mÆ°á»£t nhÆ° mÃ¬nh mong Ä‘á»£i','1','NgÃ´ VÄƒn Tháº¯ng'
'313332','','TÃ´i ráº¥t Ã­t chÆ¡i game nhÆ°ng tÃ´i ráº¥t thÃ­ch dÃ¹ng mÃ¡y nÃ y Ä‘á»ƒ láº­p trÃ¬nh, mÃ¡y ráº¥t á»•n Ä‘á»‹nh, máº¡nh máº½, pháº£n há»“i tÃ¡c vá»¥ ráº¥t nhanh. Tá»± tin Ä‘á»ƒ cháº¡y cÃ¡c á»©ng dá»¥ng náº·ng','5','Toáº¡i'
'313332','','MÃ¡y ráº¥t tá»‘t, cháº¡y cÃ¡c tá»±a game ráº¥t mÆ°á»£t, quang trá»ng lÃ  khi lÃ m viá»‡c hiá»‡u suáº¥t mÃ¡y cá»±c kÃ¬ tá»‘t. á»”n Ä‘á»‹nh theo máº¡ng, cÃ³ lÃºc vÆ°á»£t trá»™i hÆ¡n. NhÆ°ng cÃ³ má»™t váº¥n Ä‘á» háº§u háº¿t cÃ¡c mÃ¡y gaming gáº·p lÃ  khi khÃ´ng Ä‘eo tay nghe cÃ¡o quáº¡t táº£n nhiá»‡t hÆ¡i á»“n.NÃ³i chung mÃ¡y á»•n vÃ  hiá»‡u quáº£ tá»‘t.','5','Tráº§n Minh LÃ¢m'
'313332','','sáº£n pháº©m dÃ¹ng ráº¥t tá»‘t,chÆ¡i game mÆ°á»£t,Ã­t cÃ³ hiá»‡n tÆ°á»£ng giáº­t lag,ráº¥t Ä‘Ã¡ng tiá»n','5','Phan Äá»©c Huy'
'313332','','Sp dÃ¹ng ráº¥t tá»‘t','5','Nguyá»…n VÄƒn PhÃºc'
'313332','','Ráº¥t tá»‘t','5','VÅ© ÄÄƒng Äá»‹nh'
'313332','','DÃ¹ng Ã´k cÃ³ Ä‘iá»u lÃºc k cáº¥m sáº¡c nghe nháº¡c lÃ¢u lÃ¢u nÃ³ bá»‹ rÃ¨ cÃ²n cáº¥m sáº¡c vÃ o thÃ¬ bÃ¬nh thÆ°á»ng lÃ  cÃ³ lá»—i gÃ¬ khÃ´ng áº¡','4','Lá»™c'
'313332','','dÃ¹ng cÅ©ng ok','4','BÃ¹i Máº¡nh CÆ°á»ng'
'313332','','hang chat luong cao','5','Em Hiáº¿u'
'313332','','TÃ´i tháº¥y vá»›i giÃ¡ nÃ y con nÃ y ráº¥t há»£p lÃ½ vá»›i giÃ¡ cáº£ sinh viÃªn','4','Háº£i Thá»‹nh'
'313332','','','3','Gia HuÃ¢n'
'313332','','','5','ChÃ¢u Minh TÃ¢m'
'327507','','laptop má»›i mua khi vÃ o web ná»n tráº¯ng nÃ³ sáº½ bá»‹ lÃ³a chÃ³i lÃªn cá»¡ 4s rá»“i nÃ³ bÃ¬nh thÆ°á»ng trá»Ÿ láº¡i. Ä‘Ã³ lÃ  do lá»—i mÃ¡y hay do laptop cÃ³ cÃ i chá»©c nÄƒng gÃ¬ mÃ  khÃ´ng biáº¿t v áº¡','4','TrÃ  Ngá»c Kim NgÃ¢n'
'327507','','NV tÆ° váº¥n nhiá»‡t tÃ¬nh , mÃ¡y Ä‘áº¹p , hiá»‡u nÄƒng tá»‘t','5','GiÃ¡ CÃ¡t'
'325699','','','3','Nguyá»…n Minh TrÃ­'
'313973','','Má»›i mua khoáº£ng 2 thÃ¡ng .KhÃ´ng dÃ¹ng Ä‘Æ°á»£c CapCut táº£i Ä‘i xÃ³a láº¡i nhiá»u láº§n váº«n khÃ´ng Ä‘Æ°á»£c. AutoCAD thÃ¬ gá»±t lag . QuÃ¡ tháº¥t vá»ng','2','Nguyá»…n VÄƒn Quang'
'313973','','MÃ¡y á»•n Ã¡p. DÃ¹ng autocad ráº¥t mÆ°á»£t','5','Vinh'
'311117','','MÃ¡y nÃ y cÃ³ sáº¡c cá»•ng C Ä‘á»ƒ sÃ i sáº¡c dá»± phÃ²ng Ä‘Æ°á»£c khÃ´ng ad','5','Nguyen Truong Giang'
'311117','','Sao khá»Ÿi Ä‘á»™ng lÃ¢u lÃªn váº­y admin','5','NgÃ¢n CÆ°á»ng'
'311117','','Sao mÃ¡y tá»¥t pin ráº¥t nhanh dÃ¹ má»›i mua cÃ³ 1 ngÃ y,tá»¥t pin nhÃ¬n muá»‘n chÃ³ng máº·t luÃ´n. Bá»‹ lá»—i gÃ¬ khÃ´ng ,náº¿u sá»­ dá»¥ng liÃªn tá»¥c chá»‰ Ä‘á»ƒ lÆ°á»›t web mÃ¡y sáº½ xÃ i Ä‘Æ°á»£c máº¥y tiáº¿ng.','4','HÆ°Æ¡ng'
'311117','','trÆ°á»›c em mua Ä‘Æ°á»£c bÃªn Ä‘áº¡i lÃ½ há»— trá»£ cÃ i mcafree miá»…n phÃ­, nhÆ°ng e xÃ³a nháº§m, giá» cÃ³ há»— trá»£ cÃ i láº¡i online ko áº¡','5','Nguyá»…n ThÃ¹y Linh'
'311117','','Má»›i dÃ¹ng Ä‘Æ°á»£c má»™t ngÃ y nhÆ°ng Ä‘ang khÃ´ng hiá»ƒu cháº¥t lÆ°á»£ng pin tháº¿ nÃ o. LÃºc má»›i má»Ÿ mÃ¡y lÃªn pin bÃ¡o 43% xÃ i trong 3h40. Má»™t phÃºt sau báº¯t Ä‘áº§u thao tÃ¡c thÃ¬ láº¡i bÃ¡o 42% xÃ i trong 1h50. NÃ³i chung tuá»™t pin ráº¥t nhanh. ÄÃ¢y lÃ  do lá»—i pin Ä‘Ãºng khÃ´ng áº¡ review tháº¥y náº¿u thao tÃ¡c vÄƒn phÃ²ng thÃ¬ trong 67 tiáº¿ng mÃ . MÃ¬nh chÆ°a há» lÃ m gÃ¬ Ä‘áº¿n office, má»›i chá»‰ má»Ÿ check email thÃ´i Ä‘Ã³. MÃ¡y má»›i láº¥y chiá»u qua táº¡i shop. LiÃªn há»‡ giáº£i Ä‘Ã¡p giÃºp mÃ¬nh.','4','Dung'
'311117','','MÃ¡y má»ng nháº¹, dÃ¹ng ráº¥t mÆ°á»£t.','5','TRáº¦N XUÃ‚N DANH'
'311117','','MÃ¡y ngon nha mng','4','Anh Huy'
'311117','','','5','HoÃ ng Äá»©c Minh'
'311117','','','4','QuÃ¡ch NhÆ° Lam'
'311117','','','4','Nguyá»…n Thá»‹ XuÃ¢n PhÆ°Æ¡ng'
'329075','','Tá»‡, sá»­ sá»¥ng lá»—i khÃ´ng.láº§n thá»© nháº¥t Ä‘á»•i lÃ  lá»—i phÃ­m thá»© 2 thÃ¬ lá»—i mÃ n Ä‘em Ä‘á»•i thÃ¬ khÃ´ng Ä‘c trong khi chÆ°a 30 ngÃ y','1','Chung'
'329075','','ÄÃ¡nh giÃ¡ 1 sao thÃ¬ khÃ´ng cho Ä‘Ã¡nh giÃ¡, Ä‘á»«ng cÃ³ ai mua cáº£, mua 2 ngÃ y thÃ¬ mÃ¡y loa rÃ¨, coi youtube thÃ¬ 15p tá»± reset, mua 2 ngÃ y pháº£i gá»­i hÃ£ng báº£o hÃ nh 15 ngÃ y,','3','Tráº§n Thá»‹ Huyá»n Giang'
'329075','','MÃ n hÃ¬nh má» dÃ¹ Ä‘Ã£ chá»‰nh Ä‘á»™ sÃ¡ng háº¿t má»©c','2','HuÃ¢n'
'329075','','Vá»›i táº§m giÃ¡, nhu cáº§u vÄƒn phÃ²ng thÃ¬ mÃ¡y ráº¥t xá»©ng Ä‘Ã¡ng','4','HoÃ i Nam'
'329075','','MÃ n hÃ¬nh xanh má»','3','LÃª Thá»‹ Thu Hiá»n'
'328135','','MÃ¬nh Ä‘ang sá»­ dá»¥ng mÃ¡y nÃ y Ä‘Æ°á»£c gáº§n 1 thÃ¡ng, nhÃ¬n chung thÃ¬ tráº£i nghiá»‡m mÃ¬nh Ä‘Ã¡nh giÃ¡ chÆ°a thá»±c sá»± mÆ°á»£t láº¯m, hay bá»‹ lá»—i pháº§n má»m lÃ m Ä‘Æ¡ vÃ  lag. Má»—i láº§n váº­y thÃ¬ pháº£i restart láº¡i mÃ¡y. MÃ¡y má»›i thÃ¬ hay bá»‹ xung Ä‘á»™t drive dáº«n Ä‘áº¿n cÃ³ má»™t sá»‘ tÃ­nh nÄƒng hoáº·c chá»©c nÄƒng cá»§a mÃ¡y sáº½ khÃ´ng hoáº¡t Ä‘á»™ng. Trá»« phi pháº£i xÃ³a Ä‘i cÃ i láº¡i. MÃ¬nh cÅ©ng Ä‘Ã£ tá»«ng mang ra vÃ  nhá» Anh/Chá»‹ TGDD há»— trá»£. NhÆ°ng Ä‘á»ƒ trÃ¡nh bá»‹ láº¡i, thÃ¬ mÃ¬nh táº¯t chá»©c nÄƒng Ä‘Ã³ luÃ´n Ä‘á»ƒ trÃ¡nh Ä‘Æ¡ hoáº·c lag mÃ¡y. NhÆ°ng lÃ¢u lÃ¢u váº«n bá»‹ láº¡i. CÃ³ khi má»™t táº¥m hÃ¬nh trÃªn zalo, mÃ¡y khÃ¡c má»Ÿ bÃ¬nh thÆ°á»ng, qua mÃ¡y mÃ¬nh báº¥m vÃ o nÃ³ khÃ´ng hiá»ƒn thá»‹.. NhÃ¬n chung mÃ¡y má»›i thÃ¬ sáº½ cÃ³ nhiá»u cÃ¡i cáº§n pháº£i lÃ m quen nhiá»u. Náº¿u anh em mua mÃ¡y thÃ¬ chá»‹u khÃ³ Ã­t hÃ´m, theo dÃµi vÃ  cáº­p nháº­t thÆ°á»ng xuyÃªn. CÃ²n Ä‘á»‘i vá»›i mÃ¬nh nhá»¯ng lá»—i pháº§n má»m nÃ y vá»›i mÃ¬nh thÃ¬ báº¥t tiá»‡n vÃ  cáº£m tháº¥y hÆ¡i khÃ³ chá»‹u. VÃ  á»Ÿ trÃªn chá»‰ lÃ  tráº£i nghiá»‡m cÃ¡ nhÃ¢n mÃ¬nh.','3','Trinh'
'303835','','tgdd cÃ³ há»— trá»£ nÃ¢ng cáº¥p ram khÃ´ng áº¡','5','Nguyá»…n HoÃ ng TÃ¢n'
'303835','','Review sau 1 nÄƒm 1 thÃ¡ng mua mÃ¡y. MÃ¡y tá»‡ kinh khá»§ng khiáº¿p. Mua Ä‘Æ°á»£c vÃ i hÃ´m thÃ¬ lá»—i loa, Ã¢m thanh nhiá»…u kÃªu áº§m lÃªn. Äem ra store thÃ¬ nhÃ¢n viÃªn cÃ i láº¡i drive vÃ  nÃ³i bá»‹ xung Ä‘á»™t drive. TÆ°á»Ÿng tháº¿ lÃ  xong nhÆ°ng khÃ´ng, thÃ¡ng sau tiáº¿p tá»¥c lá»—i tiáº¿p vÃ  mÃ¬nh háº¿t háº¡n Ä‘á»•i mÃ¡y. Tá»›i bÃ¢y giá» thá»‰nh thoáº£ng váº«n bá»‹ lá»—i nÃ y. Lá»—i thá»© 2 Ä‘áº¥y lÃ  mÃ¡y kÃªu to ráº¥t á»“n, vÃ­ nhÆ° cÃ¡i mÃ¡y cÃ y cháº¯c cÃ²n nháº¹.Lá»—i thá»© 3 Ä‘áº¥y lÃ  Ä‘Æ¡, lag. ÄÆ¡ khÃ´ng thá»ƒ di chuá»™t mÃ  báº¯t buá»™c pháº£i nháº¥n nÃºt nguá»“n Ä‘á»ƒ khá»Ÿi Ä‘á»™ng láº¡i. Cá»±c kÃ¬ báº¥t tiá»‡n khi Ä‘ang lÃ m viá»‡c, khá»Ÿi Ä‘á»™ng cÃ¡i lÃ  máº¥t háº¿t toÃ n bá»™ viá»‡c Ä‘ang xá»­ lÃ­. NÃ³i thÃªm lÃ  mÃ¬nh sá»­ dá»¥ng cÃ¡c tÃ¡c vá»¥ nháº¹ nhÆ° canva, facebook, amazon, docs,.. TRáº¢I NGHIá»†M QUÃ Tá»† Vá»šI Sáº¢N PHáº¨M NÃ€Y','1','Nhung'
'303835','','Ok','5','Anh LÃ¢m'
'303835','','MÃ¡y nhanh nÃ³ng, háº¿t pin nhanh, táº§m hÆ¡n 3 tiáº¿ng Ä‘Ã£ háº¿t pin, vá» nhá»±a dá»… xÆ°á»›c','3','TrÆ°Æ¡ng Thá»‹ HÆ°Æ¡ng Giang'
'303835','','TÃ´i má»›i mua Ä‘Æ°á»£c 1 tuáº§n dÃ¹ng mÆ°á»£t nhÆ°ng láº¡i bá»‹ nÃ³ng cáº£ trÃªn bÃ n phÃ­m khÃ´ng biáº¿t cÃ³ pháº£i lÃ  váº¥n Ä‘á» báº¥t thÆ°á»ng khÃ´ng','3','Chá»‹ Huyá»n'
'303835','','Ok','3','Chá»‹ Huyá»n'
'303835','','Pin háº¿t quÃ¡ nhanh','3','Tiáº¿n'
'303835','','Ráº¥t tá»‘t','5','Em Trinh'
'303835','','TÃ´i dÃ¹ng mÃ¡y nháº£n hiá»‡u Dell nÃ y ráº¥t tá»‘t vÃ  mÆ°á»£t.','5','Thá»‡'
'303835','','Cháº¡y ráº¥t mÆ°á»£t.','5','Äáº·ng VÄƒn Thá»›i'
'303835','','tá»‘t','4','Nguyá»…n Táº¥n CÆ°á»ng'
'303835','','- MÃ¡y cháº¡y Ãªm, mÆ°á»£t - TÃ­nh tháº§n Ä‘Ã³n tiáº¿p, phá»¥c vá»¥ cá»§a nhÃ¢n viÃªn tá»‘t','4','NGUYá»„N Há»®U THáº¬T'
'303835','','NhÃ¢n viÃªn giá»›i thiá»‡u mÃ¡y ráº¥t tá»‘t TÆ° váº¥n nhiá»‡t tÃ¬nh, dá»… thÆ°Æ¡ng ná»¯a','5','Chá»‹ Háº¡nh'
'303835','','ÄÃ£ chá»‰nh sá»­a chá»©c nÄƒng Loa ok','5','CÃ”NG TY TNHH THÆ¯Æ NG Máº I Dá»ŠCH Vá»¤ NAM KHANG MOTOR'
'303835','','Tá»‘t','4','Tráº§n Tuáº¥n Thiá»‡n'
'303835','','KhÃ´ng cÃ³ led bÃ n phÃ­m','3','Nguyá»…n VÄƒn Ãšt TuyÃªn'
'303835','','Hoáº¡t Ä‘á»™ng mÃ¡y á»•n Ä‘á»‹nh, tÃ­nh nÄƒng há»t Ä‘á»™ng tá»‘t','4','CÃ´ Dung'
'303835','','Chá»‰ táº·ng cÃ³ ba lÃ´. KhÃ´ng táº·ng chuá»™t gÃ¬ cáº£ tá»‡ quÃ¡...','2','Nguyá»…n VÄƒn Äáº§y'
'303835','','ğŸ˜ğŸ˜','4','Chá»‹ QuyÃªn'
'303835','','','4','ÄÃ­ch'
'303835','','','3','Thu Trang'
'328239','','CÃ¡i laptop 1 ngÃ y cáº­p nháº­t 800 láº§n ,phiá»n tháº­t sá»±','4','HoÃ i NhÆ¡n'
'322070','','Moi xai thay cung tot','5','Nguyá»…n Thá»‹ Tháº£o'
'322070','','','5','Kiá»u Loan'
'322070','','','5','Pháº¡m PhÃº Quá»‘c'
'322070','','','5','ÄÆ°á»ng Gia TÆ°á»ng'
'322070','','','4','Huyá»n'
'322070','','','3','Pháº¡m VÄƒn HÆ°ng'
'322568','','Asus quÃ¡ tuyá»‡t vá»i.Äáº¹p, máº¡nh máº½, nam tÃ­nh. MÃ¡y Ãªm mÆ°á»£t vá»›i game cáº¥u hÃ¬nh náº·ng Fifa online, vv.. Trong táº§m tÃ i chÃ­nh phá»¥c vá»¥ giáº£i trÃ­ thÃ¬ Ae nÃªn mua. Ae mua thÃªm chuá»™t + bÃ n phÃ­m asus lÃ  chuáº©n bá»™ nhÃ© .Store 1521 huá»³nh táº¥n phÃ¡t q7, Good job','5','Anh lÃ  N'
'325050','','ÄÃ£ xÃ i 1 nÄƒm rá»“i má»›i lÃªn Ä‘Ã¢y Ä‘Ã¡nh giÃ¡, Ä‘iá»ƒm máº¡nh lÃ  hÃ£ng acer cÃ³ pháº§n má»m tinh chá»‰nh cá»§a mÃ¡y tá»‘t. cháº¡y mÆ°á»£t. mÃ¡y build cháº¯c cháº¯n, nháº¹. pin khoáº£n 56 tiáº¿ng. lÆ°u Ã½ lÃ  khi mua vá» nÃªn táº¯t cÃ¡i tÃ­nh nÄƒng báº­t youtube lÃ  touch pad tá»± hiá»‡n sÃ¡ng Ä‘iá»u khiá»ƒn vÃ¬ máº·c dÃ¹ Ä‘áº¹p nhÆ°ng tá»‘i Æ°u hÃ³a chÆ°a tá»‘t nÃªn ngá»‘n cpu khiáº¿n quáº¡t kÃªu to. cÃ²n láº¡i Ä‘á»u Ä‘Ã¡p á»©ng dÆ° nhu cáº§u Ä‘á»“ há»a, vÄƒn phÃ²ng vÃ  gaming','5','DÆ°Æ¡ng'
'325050','','GiÃ¡ tá»‘t, mÃ¡y cháº¡y ngonÄ‘Ã¡ng mua nhe má»i ng..','5','Anh Vinh'
'321193','','Má»›i sd, táº¡m thá»i á»•n','3','LÃª CÃ´ng Hiá»‡u'
'321193','','Pin háº¿t nhanh','4','NÃ´ng VÄƒn HÆ°Æ¡ng'
'330579','','MÃ¡y cháº¡y tá»‘t, pin lÃ¢u, mÃ n hÃ¬nh Ä‘áº¹p.','5','Huy'
'329337','','sáº£n pháº©m tá»‘t nhÃ¢n viÃªn tÆ° váº¥n nhiá»‡t tÃ¬nh','5','minh huy'
'309243','','táº£n nhiá»‡t mÃ¡y ko á»“n mÃ  quÃ¡ á»“n, nÃªn cÃ¢n nháº¯c khi mua mÃ¡y vÃ  Ä‘á»ƒ Ã½ Ä‘áº¿n táº£n nhiá»‡t cá»§a mÃ¡y','1','trang'
'309243','','MÃ¡y dÃ¹ng á»•n, táº£n nhiá»‡t hÆ¡i á»“n, tÃ¡c vá»¥ á»•n Ä‘á»‹nh cÃ³ Ä‘iá»u cáº­p nháº­t nhiá»u lÃºc Ä‘Æ¡ lag...','4','BÃ¡ Nháº¥t'
'309243','','Quáº¡t táº£n nhiá»‡t á»“nn, báº£n lá» yáº¿u.MÃ¡y á»•n, phÃ¹ há»£p vá»›i má»¥c Ä‘Ã­ch vÄƒn phÃ²ng.','3','ThiÃªn Nhi'
'309243','','anh Æ¡i, mÃ¡y nÃ y cÃ i Autocad phiÃªn báº£n nÄƒm bao nhiÃªu cháº¡y Ä‘Æ°á»£c váº­y áº¡, táº¡i em mua mÃ¡y má»›i mÃ  Ã´ng anh em kÃªu mÃ¡y nÃ y yáº¿u cÃ i Cad 2017 thÃ´i chá»© cÃ i cao cháº¡y khÃ´ng Ä‘Æ°á»£c áº¡','5','PhÃºc'
'309243','','Táº£n nhiá»‡t cá»§a mÃ¡y á»“n','3','NGUYá»„N THá»Š THá»¦Y'
'309243','','MÃ¡y dÃ¹ng tá»‘t','5','Anh Báº£o Anh'
'309243','','Ok','3','Minh'
'309243','','','4','NhÆ°'
'309243','','','5','Nguyá»…n Phan KhÃ¡nh An'
'309243','','','5','LÃŠ THá»Š HOÃ€I LINH'
'320434','','','4','VÆ°Æ¡ng Cáº©m Thanh'
'327982','','MÃ¬nh dÃ¹ng nhiá»u dÃ²ng cá»§a Dell rá»“i, sá»­ dá»¥ng tÃ¡c vá»¥ excel thÃ´i thÃ¬ Ã­t nháº¥t cÅ©ng Ä‘Æ°á»£c táº§m 3 tiáº¿ng má»›i háº¿t pin. Äá»£t nÃ y mÃ¬nh má»›i mua há»“i trÆ°á»›c táº¿t, sá»­ dá»¥ng chá»‰ hÆ¡n 1 tiáº¿ng lÃ  háº¿t pin chá»‰ sá»­ dá»¥ng word vÃ  excel. Cá»±c kÃ¬ tháº¥t vá»ng, mÃ¡y má»›i mÃ  cá»© nhÆ° mÃ¡y cÅ© sá»­a láº¡i rá»“i bÃ¡n cho khÃ¡ch váº­y.','1','Nga.nguyen'
'327049','','MÃ n hÃ¬nh ráº¥t Ä‘áº¹p. MÃ¡y nhá» gá»n','5','Ngá»c SÆ¡n'
'322269','','BÃªn mÃ¬nh cÃ³ thay card wifi khÃ´ng áº¡','4','LÃª Minh Äá»©c'
'322269','','DÃ¹ng tá»‡ quÃ¡. má»›i mua 6 thÃ¡ng mÃ  mÃ¡y lag, má»—i láº§n nghe youtube lÃ  hay bá»‹ Ä‘á»©ng Ã¢m thanh, chuyá»ƒn tab thÃ¬ Ä‘á»©ng mÃ n hÃ¬nh. Ä‘áº¿n nÃºt nguá»“n bÃ¢y giá» áº¥n cÅ©ng pháº£i Ä‘á»£i gáº§n 5p má»›i lÃªn Ä‘Æ°á»£c','3','Huá»³nh Thanh Tháº£o'
'322269','','Cho mÃ¬nh há»i mÃ¡y nÃ y cá»¥ thá»ƒ cÃ³ máº¥y khe bá»™ nhá»› SSD váº­y áº¡.Do náº¿u cÃ³ 2 mÃ¬nh tÃ­nh ra tiá»‡m nÃ¢ng thÃªm 1 thanh SSD 512gb áº¡.','4','Pháº¡m HoÃ ng Anh TÃº'
'322269','','MÃ n hÃ¬nh hiá»ƒn thá»‹ Ä‘áº¹pchÆ¡i game á»•n Ä‘á»‹nh','5','LÃª Há»¯u Anh'
'322269','','MÃ¬nh muá»‘n nÃ¢ng á»• SSD thÃ¬ lÃ m nhÆ° nÃ o áº¡','5','Nguyá»…n Äá»©c Anh'
'322269','','Sáº£n pháº©m ráº¥t tá»‘t','5','Em Tá»›i'
'322269','','','4','Há»“ Máº­u ThÆ°Æ¡ng'
'305009','','sao mÃ¡y bá»‹ trÃ³c háº¿t rá»“i huhu','3','Kim NgÃ¢n'
'305009','','lap , nhÃ¢n viÃªn kh biáº¿t gÃ¬ vá» lap Ä‘c cÃ¡i mÃ£, báº£o hÃ nh rá»“i váº«n há»ng váº«n lá»—i, phÃ­ tiá»n, tráº£i nghiá»‡m Tá»†. Cáº¥t cÃ´ng lÃªn nhÃ¢n viÃªn báº¥m vÃ i cÃ¡i nÃºt kÃªu vá» coi nÃ³ háº¿t kh háº¿t thÃ¬ lÃªn sá»­a máº¥y láº§n lÃ m gÃ¬','1','panh'
'305009','','MÃ u sÆ¡n ráº¥t kÃ©m má»›i dÃ¹ng Ä‘Æ°á»£c 4 thÃ¡ng Ä‘Ã£ bong trá»‘c sÆ¡n cÃ³ Ä‘Æ°á»£c há»— trá»£ khÃ´ng áº¡','3','Nguyá»…n Trá»ng ThÃªm'
'305009','','Touchpad bá»‹ Ä‘Æ¡ lá»—i loáº¡n. ÄÃ£ thá»­ má»i cÃ¡ch váº«n khÃ´ng háº¿t. MÃ¬nh mua mÃ¡y Ä‘Æ°á»£c táº§m 2 tuáº§n.','2','Huá»³nh Thá»‹ Ngá»c Thy'
'305009','','Sao má»›i mua mÃ  lá»—i tuochpad rÃ¹i','1','LÃª thanh hÃ²a'
'305009','','MÃ¬nh mua con mÃ¡y nÃ y dÃ¹ng Ä‘Æ°á»£c 1 tuáº§n thÃ¬ touchPad cá»§a mÃ¡y cÃ³ dáº¥u hiá»‡u bá»‹ Ä‘Æ¡. MÃ¬nh Ä‘Ã£ yÃªu cáº§u Ä‘á»•i mÃ¡y vÃ  nÃ³ tiáº¿p tá»¥c bá»‹ Ä‘Æ¡ tiáº¿p tá»¥c. ÄÆ¡ Ä‘áº¿n ná»‘i mÃ¬nh khÃ´ng sá»­ dá»¥ng Ä‘Æ°á»£c chuá»™t. BÃªn mÃ¬nh cho mÃ¬nh há»i lÃ½ do táº¡i sao vá»›i áº¡ mÃ¬nh Ä‘Ã£ update win vá»›i lÃ m cÃ¡c thao tÃ¡c Ä‘á»ƒ chá»‰nh touchPad cá»§a chuá»™t giáº£m Ä‘Æ¡ háº¿t rá»“i, nhÆ°ng mÃ  khÃ´ng cÃ³ hiá»‡u quáº£','2','Nguyá»…n PhÃºc HÆ°ng'
'305009','','Dáº¡ cho e há»i lÃ  con chuá»™t trÃªn mÃ¡y e nÃ³ hong hiá»‡n thá»‹ ná»¯a thÃ¬ lÃ m sao áº¡','4','NhÆ°'
'305009','','Mua pháº§n má»m Microsoft bÃªn mÃ¬nh giÃ¡ bao nhiÃªu váº­y áº¡.','3','Huá»³nh Kim Yáº¿n'
'305009','','MÃ¡y tá»‘t sp ok nhÃ¢n viÃªn nhiá»‡t tÃ¬nh chu Ä‘Ã¡o vÃ  táº­n tÃ¬nh vá»›i khÃ¡ch hÃ ng','5','TRáº¦N TRÃ KIÃŠN'
'305009','','Ok.','5','Háº£i'
'305009','','Tá»‘t','5','VÄƒn Thá»‹ PhÆ°Æ¡ng UyÃªn'
'305009','','Dich vu tot','4','Pháº¡m ÄÃ¬nh Tuáº¥n'
'305009','','MÃ¡y ráº¥t hay há»‹ rá»›t máº¡ng vÃ  mÃ¡y cháº¡y cháº­m','2','Chá»‹ Thuá»³ Trang'
'305009','','Ok','5','Cáº©m thu'
'305009','','','5','Anh QuÃ­'
'305009','','','3','ÄÆ°á»ng Ngá»c VÃ¢n Tháº£o'
'324821','','MÃ¡y Ä‘áº¯t tiá»n mÃ  mua Ä‘Æ°á»£c 1 ngÃ y vá» phÃ¡t hiá»‡n cáº¡nh mÃ n hÃ¬nh má»™t bÃªn bá»‹ nhÃ´ ra, xong mang ra thÃ¬ nÃ³i chá»‰ lÃ  Sai sá»‘ thiáº¿t káº¿ thÃ´i khÃ´ng cho Ä‘á»•i.','1','Nguyen Do Tan Khoa'
'324821','','MÃ n hÃ¬nh Ä‘áº¹p, hiá»‡u nÄƒng tá»‘t','5','Trang Duy TÆ°á»ng'
'324340','','xÃ i mÆ°á»£t, mÃ u sang, nÃªn mua, phÃ¹ há»£p SV','5','Quá»³nh'
'305008','','BÃªn mÃ¬nh cho em há»i lÃ  Ä‘ang trong thá»i gian báº£o hÃ nh thÃ¬ mÃ¬nh cÃ³ Ä‘Æ°á»£c thay má»›i bá»™ sáº¡c Ä‘i kÃ¨m mÃ¡y khi mÃ  bá»™ sáº¡c cÅ© Ä‘Ã£ há»ng khÃ´ng áº¡','3','Nam'
'305008','','Tá»‘t','4','Tuyá»n'
'305008','','mua dc 2 tuáº§n thi mÃ¡y bá»‹ lá»—i cáº£m á»©ng chuá»™t vÃ  Ä‘Ã£ dc Ä‘á»•i má»›i','3','Anh Cáº£nh'
'305008','','Okie','5','Anh LÃ¢m'
'305008','','mua Ä‘Æ°á»£c hÆ¡n 2 thÃ¡ng, khÃ´ng hiá»ƒu sao khÃ´ng cÃ i Ä‘Æ°á»£c gÃµ tiáº¿ng trung','3','HoÃ ng Diá»‡u ThÃ¹y'
'305008','','PhÃ¡t hiá»‡n ra mÃ¡y bá»‹ lá»—i Ä‘em tá»›i cá»­a hÃ ng gá»­i 8 ngÃ y bÃ¡o mÃ¡y k bá»‹ gÃ¬ háº¿t ,Ä‘em vá» sá»­ dá»¥ng váº«n bá»‹ lá»—i','1','LÃ¢m Má»¹ Phá»¥ng'
'305008','','TÃ´i khÃ´ng nháº­p Ä‘Æ°á»£c bÃ n phÃ­m sá»‘ trÃªn khi Ä‘á»ƒ tiáº¿ng viá»‡t','3','Tráº§n Thá»‹ VÃ¢n Ngá»c'
'305008','','sáº¡c nhanh Ä‘áº¹p 10Ä‘','4','Nguyá»…n Giang Lam'
'305008','','MÃ¡y cháº¡y ráº¥t mÆ°á»£t vÃ  thÃ­ch há»£p cho nhiá»u má»¥c Ä‘Ã­ch','5','LÃª ThÃ nh Báº£o'
'305008','','Má»›i thÃ¬ dÃ¹ng ok Ä‘á»ƒ dÃ¹ng thÃªm 1 thá»i gian xem thÃª nÃ o.','4','Hue'
'305008','','MÃ¡y sá»­ dá»¥ng ráº¥t ok. Quáº£n lÃ½ vÃ  nhÃ¢n viÃªn ráº¥t thÃ¢n thiá»‡n, dá»ƒ thÆ°Æ¡ng','5','VÃµ HoÃ ng Phi'
'305008','','mÃ¡y tÃ­nh Ä‘áº¹p, sÃ i cÅ©ng tá»‘t, nÃ³i chung lÃ  OK. khuyáº¿n khÃ­ch cho 5 sao','5','Nguyá»…n ThÃ nh CÃ´ng'
'305008','','MÃ¡y mÃ u Ä‘áº¹p xÃ i á»•n so vá»›i táº§m giÃ¡','4','An'
'305008','','SÃ i ráº¥t tá»‘t áº¡','5','QUá»²NH NHÆ¯'
'305008','','','4','Äinh Ngá»c Cáº©m TÃº'
'305008','','','4','Tráº§n Há»¯u ThÃªm'
'305008','','','3','VÅ© Thá»‹ Ngá»c BÃ­ch'
'305008','','','5','Lá»¥c Thu Trang'
'305008','','','4','Trang'
'315892','','Build ngon, Ä‘áº¹p','5','Nguyá»…n ÄÃ¬nh Huáº¥n'
'315892','','tgdd cÃ³ há»— trá»£ nÃ¢ng cáº¥p á»• cá»©ng khÃ´ng','5','nguyá»…n Ä‘á»©c toÃ n'
'315892','','XÃ i ok ,loa hÆ¡i nhá».','5','Nguyá»…n VÄƒn ThÃ nh'
'315892','','','4','TRáº¦N THANH TOÃ€N'
'315892','','','5','LÃª Ngá»c ÄÄƒng'
'315892','','','5','Anh Thiá»‡n'
'321059','','MÃ¡y máº¡nh mÆ°á»£t ok','5','Tuáº¥n Nguyá»…n'
'321059','','Tá»‘i trong táº§m giÃ¡','4','Quale'
'321059','','Ráº¥t tá»‘t . CÃ¡c ae chá»‹ nhÃ¢n viÃªn ráº¥t nhiá»‡t tÃ¬nh.','5','Pháº¡m Ngá»c CÃ´ng'
'321059','','Cad amd k hÄ‘ lunn','3','BÃ¹i Nhá»±t'
'321059','','Má»›i mua dÃ¹ng ráº¥t tá»‘t','5','BÃ¹i Há»¯u Duy'
'321059','','tÃ´i ráº¥t hÃ i lÃ²ng vá»›i sáº£n pháº©m Ä‘áº·c biá»‡t chá»‹ nhÃ¢n viÃªn tÆ° váº¥n cÅ©ng ráº¥t xinh áº¡','5','Nguyá»…n HoÃ ng PhÃºc'
'321059','','','5','Pháº¡m Äá»©c Anh'
'331575','','Sáº£n pháº©m ráº¥t tá»‘t. Báº¡n sale nhiá»‡t tÃ¬nh vÃ  trÃ¡ch nhiá»‡m.','5','Tan.Ng'
'323338','','','5','Ken'
