'product_id','score','name','displayName','typePim','type','slug','price','industry','brand','productType','group','keySellingPoints','units','image','originalPrice','currentPrice','discountPercentage','endTimeDiscount','promotions','totalInventory','skus'
'"252399529603"','20.506838','Lenovo Gaming LOQ - 15IAX9 i5 12450HX (83GS005KVN)','Lenovo Gaming LOQ - 15IAX9 i5 12450HX (83GS005KVN)','Normal','Normal','may-tinh-xach-tay/lenovo-gaming-loq-15iax9-i5-12450hx','22990000','','','','','','','','22990000','19290000','16','2025-03-25T23:59:00.000+07:00','','0',''
'"480145836077"','20.506643','Acer Aspire Lite AL16-51P-55N7','Acer Aspire Lite AL16-51P-55N7','Normal','Normal','may-tinh-xach-tay/acer-aspire-lite-al16-51p-55n7','14990000','','','','','','','','14990000','13490000','10','2025-03-25T23:59:00.000+07:00','','0',''
'"170116638221"','20.506256','ASUS Vivobook 15 X1504ZA-NJ517W i5-1235U','ASUS Vivobook 15 X1504ZA-NJ517W i5-1235U','Normal','Normal','may-tinh-xach-tay/asus-vivobook-15-x1504za-nj517w-i5-1235u','16490000','','','','','','','','16490000','13790000','16','2025-03-25T23:59:00.000+07:00','','0',''
'"431997138342"','20.48938','Asus Vivobook E1404FA-NK186W R5 7520U','Asus Vivobook E1404FA-NK186W R5 7520U','Normal','Normal','may-tinh-xach-tay/asus-vivobook-e1404fa-nk186w-r5-7520u','14990000','','','','','','','','14990000','12290000','18','2025-03-25T23:59:00.000+07:00','','0',''
'"453768134256"','20.48914','Acer Aspire 3 A315-44P-R5QG R7-5700U','Acer Aspire 3 A315-44P-R5QG R7-5700U','Normal','Normal','may-tinh-xach-tay/acer-aspire-3-a315-44p-r5qg-r7-5700u','14990000','','','','','','','','14990000','12490000','17','2025-03-25T23:59:00.000+07:00','','0',''
'"945222911187"','20.48882','Lenovo Gaming LOQ 15IAX9 i5 12450HX (83GS00DBVN)','Lenovo Gaming LOQ 15IAX9 i5 12450HX (83GS00DBVN)','Normal','Normal','may-tinh-xach-tay/lenovo-gaming-loq-15iax9-i5-12450hx-ai-24gb','23990000','','','','','','','','23990000','20290000','15','2025-03-25T23:59:00.000+07:00','','0',''
'"223706537163"','20.488771','Asus Vivobook 14 OLED A1405ZA-KM264W i5 12500H','Asus Vivobook 14 OLED A1405ZA-KM264W i5 12500H','Normal','Normal','may-tinh-xach-tay/asus-vivobook-14-oled-a1405za-km264w','17990000','','','','','','','','17990000','15790000','12','2025-03-25T23:59:00.000+07:00','','0',''
'"887652712360"','20.488605','Asus Gaming Vivobook K3605ZF-RP634W i5-12500H','Asus Gaming Vivobook K3605ZF-RP634W i5-12500H','Normal','Normal','may-tinh-xach-tay/asus-gaming-vivobook-k3605zf-rp634w-i5-12500h','19490000','','','','','','','','19490000','16990000','13','2025-03-25T23:59:00.000+07:00','','0',''
'"510107136851"','20.307814','HP Pavilion 15-eg3111TU i5 1335U (8U6L8PA)','HP Pavilion 15-eg3111TU i5 1335U (8U6L8PA)','Normal','Normal','may-tinh-xach-tay/hp-pavilion-15-eg3111tu-i5-1335u','21290000','','','','','','','','21290000','17990000','16','2025-03-25T23:59:00.000+07:00','','0',''
'"861557153993"','20.307814','HP 14s-em0086AU R5 7520U (835T9PA)','HP 14s-em0086AU R5 7520U (835T9PA)','Normal','Normal','may-tinh-xach-tay/hp-14s-em0086au-r5-7520u','15190000','','','','','','','','15190000','12790000','16','2025-03-25T23:59:00.000+07:00','','0',''
'"562862215986"','20.307795','Dell Inspiron N3530 i5 1334U_71043885','Dell Inspiron N3530 i5 1334U_71043885','Normal','Normal','may-tinh-xach-tay/dell-inspiron-n3530-i5-1334u-71043885','19990000','','','','','','','','19990000','18490000','8','2025-03-31T23:59:00.000+07:00','','0',''
'"615023827674"','10.506959','HP 15-fd0235TU i5-1334U (9Q970PA)','HP 15-fd0235TU i5-1334U (9Q970PA)','Normal','Normal','may-tinh-xach-tay/hp-15-fd0235tu-i5-1334u','19590000','','','','','','','','19590000','15890000','19','2025-03-25T23:59:00.000+07:00','','0',''
'"121144012382"','10.5068865','HP 14s-dq5121TU i3-1215U (8W355PA)','HP 14s-dq5121TU i3-1215U (8W355PA)','Normal','Normal','may-tinh-xach-tay/hp-14s-dq5121tu-i3-1215u','12990000','','','','','','','','12990000','9490000','27','2025-03-25T23:59:00.000+07:00','','0',''
'"359513625041"','10.506581','Asus Vivobook X1504VA-NJ526W i5 1335U','Asus Vivobook X1504VA-NJ526W i5 1335U','Normal','Normal','may-tinh-xach-tay/asus-vivobook-x1504va-nj526w-i5-1335u','18990000','','','','','','','','18990000','15490000','18','2025-03-25T23:59:00.000+07:00','','0',''
'"970118640110"','10.50448','Acer Aspire 7 A715-76-53PJ i5 12450H (NH.QGESV.007)','Acer Aspire 7 A715-76-53PJ i5 12450H (NH.QGESV.007)','Normal','Normal','may-tinh-xach-tay/acer-aspire-7-a715-76-53pj-i5-12450h','16990000','','','','','','','','16990000','13990000','18','2025-03-25T23:59:00.000+07:00','','0',''
'"382313126939"','10.504274','HP 15-fc0089AU R7-7730U (A94XWPA)','HP 15-fc0089AU R7-7730U (A94XWPA)','Normal','Normal','may-tinh-xach-tay/hp-15-fc0089au-a94xwpa-r7-7730u','19490000','','','','','','','','19490000','15490000','21','2025-03-25T23:59:00.000+07:00','','0',''
'"595590528078"','10.500485','MSI Gaming Katana 15 B13UDXK-2213VN i5 13500H','MSI Gaming Katana 15 B13UDXK-2213VN i5 13500H','Normal','Normal','may-tinh-xach-tay/msi-gaming-katana-15-b13udxk-2213vn-i5-13500h','24990000','','','','','','','','24990000','21990000','12','2025-03-25T23:59:00.000+07:00','','0',''
'"906860812660"','10.499513','Lenovo Gaming LOQ 15IAX9 i5 12450HX (83GS00DAVN)','Lenovo Gaming LOQ 15IAX9 i5 12450HX (83GS00DAVN)','Normal','Normal','may-tinh-xach-tay/lenovo-gaming-loq-15iax9-i5-12450hx-24gb-512gb','28490000','','','','','','','','28490000','26290000','8','2025-03-25T23:59:00.000+07:00','','0',''
'"859111987014"','10.498564','Acer Swift X SFX16-51G-516Q i5 11320H (NX.AYKSV.002)','Acer Swift X SFX16-51G-516Q i5 11320H (NX.AYKSV.002)','Normal','Normal','may-tinh-xach-tay/acer-swift-x-sfx16-51g-516q-i5-11320h','22990000','','','','','','','','22990000','17990000','22','2025-03-25T23:59:00.000+07:00','','0',''
'"961595214074"','10.496497','Lenovo Gaming LOQ 15IAX9 i5-12450HX (83GS001RVN)','Lenovo Gaming LOQ 15IAX9 i5-12450HX (83GS001RVN)','Normal','Normal','may-tinh-xach-tay/lenovo-gaming-loq-15iax9-i5-12450hx-12gb-rtx3050','21990000','','','','','','','','21990000','21290000','3','2025-03-25T23:59:00.000+07:00','','0',''
'"611307815062"','10.489374','Asus TUF Gaming A15 FA506NCR-HN047W R7-7435HS','Asus TUF Gaming A15 FA506NCR-HN047W R7-7435HS','Normal','Normal','may-tinh-xach-tay/asus-tuf-gaming-a15-fa506ncr-hn047w-r7-7435hs','21990000','','','','','','','','21990000','19490000','11','2025-03-25T23:59:00.000+07:00','','0',''
'"872126614527"','10.489362','Acer Aspire Lite 16 AL16-51P-72S2 i7 1255U','Acer Aspire Lite 16 AL16-51P-72S2 i7 1255U','Normal','Normal','may-tinh-xach-tay/acer-aspire-lite-16-al16-51p-72s2-i7-1255u','16990000','','','','','','','','16990000','15990000','6','2025-03-31T23:59:00.000+07:00','','0',''
'"741127624775"','10.489195','Asus Vivobook X1404ZA-NK387W i3 1215U','Asus Vivobook X1404ZA-NK387W i3 1215U','Normal','Normal','may-tinh-xach-tay/asus-vivobook-x1404za-nk387w-i3-1215u','11990000','','','','','','','','11990000','9990000','17','2025-03-25T23:59:00.000+07:00','','0',''
'"108821314687"','10.489006','Acer Aspire 7 Gaming A715-76G-73FM i7 12650H','Acer Aspire 7 Gaming A715-76G-73FM i7 12650H','Normal','Normal','may-tinh-xach-tay/acer-aspire-7-gaming-a715-76g-73fm-i7-12650h','25690000','','','','','','','','25690000','17490000','32','2025-03-25T23:59:00.000+07:00','','0',''
'"708793233419"','10.488075','Asus Vivobook Gaming K3605ZC-RP564W i5-12500H','Asus Vivobook Gaming K3605ZC-RP564W i5-12500H','Normal','Normal','may-tinh-xach-tay/asus-vivobook-gaming-k3605zc-rp564w-i5-12500h','21990000','','','','','','','','21990000','18990000','14','2025-03-25T23:59:00.000+07:00','','0',''
'"792661839250"','10.486588','Asus Vivobook X1504ZA-NJ1039W i7-1255U','Asus Vivobook X1504ZA-NJ1039W i7-1255U','Normal','Normal','may-tinh-xach-tay/asus-vivobook-x1504za-nj1039w-i7-1255u','17990000','','','','','','','','17990000','15990000','11','2025-03-25T23:59:00.000+07:00','','0',''
'"543667801489"','10.483866','Asus TUF Gaming FX507ZC4-HN095W i5 12500H','Asus TUF Gaming FX507ZC4-HN095W i5 12500H','Normal','Normal','may-tinh-xach-tay/asus-tuf-gaming-fx507zc4-hn095w-i5-12500h','22490000','','','','','','','','22490000','19990000','11','2025-03-25T23:59:00.000+07:00','','0',''
'"600820810362"','10.476152','Lenovo V15 G4 IRU i5 13420H (83A100G0VN)','Lenovo V15 G4 IRU i5 13420H (83A100G0VN)','Normal','Normal','may-tinh-xach-tay/lenovo-v15-g4-iru-i5-13420h-16gb','15990000','','','','','','','','15990000','14990000','6','2025-03-25T23:59:00.000+07:00','','0',''
'"640859430061"','10.474387','HP Gaming Victus 16-s0173AX R5-7640HS/A9LG9PA','HP Gaming Victus 16-s0173AX R5-7640HS/A9LG9PA','Normal','Normal','may-tinh-xach-tay/hp-gaming-victus-16-s0173ax-r5-7640hs-a9lg9pa','27390000','','','','','','','','27390000','20990000','23','2025-03-25T23:59:00.000+07:00','','0',''
'"275666611887"','10.465374','Acer Aspire 7 A715-76G-59MW i5-12450H','Acer Aspire 7 A715-76G-59MW i5-12450H','Normal','Normal','may-tinh-xach-tay/acer-aspire-7-a715-76g-59mw-i5-12450h','21490000','','','','','','','','21490000','15990000','26','2025-03-25T23:59:00.000+07:00','','0',''
'"510107137037"','10.460944','HP Pavilion 15-eg3112TU i7 1355U (8U6L9PA)','HP Pavilion 15-eg3112TU i7 1355U (8U6L9PA)','Normal','Normal','may-tinh-xach-tay/hp-pavilion-15-eg3112tu-i7-1355u','25290000','','','','','','','','25290000','22990000','9','2025-03-25T23:59:00.000+07:00','','0',''
'"411965813747"','10.459186','MSI Gaming Thin15 B13UC-2044VN i7-13620H','MSI Gaming Thin15 B13UC-2044VN i7-13620H','Normal','Normal','may-tinh-xach-tay/msi-gaming-thin15-b13uc-2044vn-i7-13620h','22990000','','','','','','','','22990000','19990000','13','2025-03-25T23:59:00.000+07:00','','0',''
'"010512411348"','10.458575','Acer Aspire Go AG15-31P-32U6 i3 N305','Acer Aspire Go AG15-31P-32U6 i3 N305','Normal','Normal','may-tinh-xach-tay/acer-aspire-go-ag15-31p-32u6-i3-n305','10990000','','','','','','','','10990000','9290000','15','2025-03-25T23:59:00.000+07:00','','0',''
'"428315630748"','10.45601','Dell Inspiron 14 N5440 i5 1334U','Dell Inspiron 14 N5440 i5 1334U','Normal','Normal','may-tinh-xach-tay/dell-inspiron-14-n5440-i5-1334u','21990000','','','','','','','','21990000','20990000','5','2025-03-31T23:59:00.000+07:00','','0',''
'"836547146168"','10.45601','Acer Aspire 7 Gaming A715-76G-5806 i5 12450H (NH.QMFSV.002)','Acer Aspire 7 Gaming A715-76G-5806 i5 12450H (NH.QMFSV.002)','Normal','Normal','may-tinh-xach-tay/acer-aspire-7-gaming-a715-76g-5806-i5-12450h','22990000','','','','','','','','22990000','18990000','17','2025-03-25T23:59:00.000+07:00','','0',''
'"614478231918"','10.4509945','MSI Gaming Thin A15 B7UCX-240VN R5-7535HS','MSI Gaming Thin A15 B7UCX-240VN R5-7535HS','Normal','Normal','may-tinh-xach-tay/msi-gaming-thin-a15-b7ucx-240vn-r5-7535hs','17490000','','','','','','','','17490000','15990000','9','2025-03-25T23:59:00.000+07:00','','0',''
'"528517525916"','10.446957','MacBook Pro 14 M4 Pro 2024 12CPU/16GPU/24GB/512GB','MacBook Pro 14 M4 Pro 2024 12CPU/16GPU/24GB/512GB','Normal','Normal','may-tinh-xach-tay/macbook-pro-m4-pro-14-2024-12cpu-16gpu-24gb-512gb','49990000','','','','','','','','49990000','49990000','0','null','','0',''
'"411965813747"','10.459186','MSI Gaming Thin15 B13UC-2044VN i7-13620H','MSI Gaming Thin15 B13UC-2044VN i7-13620H','Normal','Normal','may-tinh-xach-tay/msi-gaming-thin15-b13uc-2044vn-i7-13620h','22990000','','','','','','','','22990000','19990000','13','2025-03-25T23:59:00.000+07:00','','0',''
'"010512411348"','10.458575','Acer Aspire Go AG15-31P-32U6 i3 N305','Acer Aspire Go AG15-31P-32U6 i3 N305','Normal','Normal','may-tinh-xach-tay/acer-aspire-go-ag15-31p-32u6-i3-n305','10990000','','','','','','','','10990000','9290000','15','2025-03-25T23:59:00.000+07:00','','0',''
'"428315630748"','10.45601','Dell Inspiron 14 N5440 i5 1334U','Dell Inspiron 14 N5440 i5 1334U','Normal','Normal','may-tinh-xach-tay/dell-inspiron-14-n5440-i5-1334u','21990000','','','','','','','','21990000','20990000','5','2025-03-31T23:59:00.000+07:00','','0',''
'"836547146168"','10.45601','Acer Aspire 7 Gaming A715-76G-5806 i5 12450H (NH.QMFSV.002)','Acer Aspire 7 Gaming A715-76G-5806 i5 12450H (NH.QMFSV.002)','Normal','Normal','may-tinh-xach-tay/acer-aspire-7-gaming-a715-76g-5806-i5-12450h','22990000','','','','','','','','22990000','18990000','17','2025-03-25T23:59:00.000+07:00','','0',''
'"614478231918"','10.4509945','MSI Gaming Thin A15 B7UCX-240VN R5-7535HS','MSI Gaming Thin A15 B7UCX-240VN R5-7535HS','Normal','Normal','may-tinh-xach-tay/msi-gaming-thin-a15-b7ucx-240vn-r5-7535hs','17490000','','','','','','','','17490000','15990000','9','2025-03-25T23:59:00.000+07:00','','0',''
'"528517525916"','10.446957','MacBook Pro 14 M4 Pro 2024 12CPU/16GPU/24GB/512GB','MacBook Pro 14 M4 Pro 2024 12CPU/16GPU/24GB/512GB','Normal','Normal','may-tinh-xach-tay/macbook-pro-m4-pro-14-2024-12cpu-16gpu-24gb-512gb','49990000','','','','','','','','49990000','49990000','0','null','','0',''
'"178210514203"','10.433885','Lenovo Ideapad Slim 3 15IRH8 i7 13620H (83EM003EVN)','Lenovo Ideapad Slim 3 15IRH8 i7 13620H (83EM003EVN)','Normal','Normal','may-tinh-xach-tay/lenovo-ideapad-slim-3-15irh8-i7-13620h','18490000','','','','','','','','18490000','17990000','3','2025-03-31T23:59:00.000+07:00','','0',''
'"798892233189"','10.420819','Asus Gaming Vivobook K3605ZU-RP296W i5-12500H','Asus Gaming Vivobook K3605ZU-RP296W i5-12500H','Normal','Normal','may-tinh-xach-tay/asus-gaming-vivobook-k3605zu-rp296w-i5-12500h','25490000','','','','','','','','25490000','21990000','14','2025-03-25T23:59:00.000+07:00','','0',''
'"611931427112"','10.41511','Asus TUF Gaming FA507NUR-LP101W R7-7435HS','Asus TUF Gaming FA507NUR-LP101W R7-7435HS','Normal','Normal','may-tinh-xach-tay/asus-tuf-gaming-fa507nur-lp101w-r7-7435hs','28490000','','','','','','','','28490000','23990000','16','2025-03-25T23:59:00.000+07:00','','0',''
'"859112167381"','10.408923','Acer Nitro 5 Tiger Gaming AN515-58-52SP i5 12500H (NH.QFHSV.001)','Acer Nitro 5 Tiger Gaming AN515-58-52SP i5 12500H (NH.QFHSV.001)','Normal','Normal','may-tinh-xach-tay/acer-nitro-gaming-an515-58-52sp-i5-12500h','29490000','','','','','','','','29490000','19490000','34','2025-03-25T23:59:00.000+07:00','','0',''
'"690921025013"','10.386275','MacBook Pro 14 M4 2024 10CPU/10GPU/16GB/512GB','MacBook Pro 14 M4 2024 10CPU/10GPU/16GB/512GB','Normal','Normal','may-tinh-xach-tay/macbook-pro-m4-14-2024-10cpu-10gpu-16gb-512b','39990000','','','','','','','','39990000','39990000','0','null','','0',''
'"375605815949"','10.362808','MacBook Air 13 M3 2024 8CPU/8GPU/16GB/256GB','MacBook Air 13 M3 2024 8CPU/8GPU/16GB/256GB','Normal','Normal','may-tinh-xach-tay/macbook-air-m3-13-2024-8cpu-8gpu-16gb-256gb','27990000','','','','','','','','27990000','25590000','9','2025-03-27T23:59:00.000+07:00','','0',''
'"35760516877"','10.362808','Acer Nitro 5 Tiger Gaming AN515-58-773Y i7 12700H','Acer Nitro 5 Tiger Gaming AN515-58-773Y i7 12700H','Normal','Normal','may-tinh-xach-tay/acer-nitro-5-tiger-gaming-an515-58-773y-i7-12700h','33790000','','','','','','','','33790000','23490000','30','2025-03-25T23:59:00.000+07:00','','0',''
'"543668006638"','10.352744','Acer Swift 3 SF314-512-741L i7 1260P (NX.K7JSV.001)','Acer Swift 3 SF314-512-741L i7 1260P (NX.K7JSV.001)','Normal','Normal','may-tinh-xach-tay/acer-swift-3-sf314-512-741l-i7-1260p','29490000','','','','','','','','29490000','18990000','36','2025-03-25T23:59:00.000+07:00','','0',''
'"701241529190"','10.345678','Acer Nitro V Gaming ANV15-51-53NE i5 13420H','Acer Nitro V Gaming ANV15-51-53NE i5 13420H','Normal','Normal','may-tinh-xach-tay/acer-nitro-v-gaming-anv15-51-53ne-i5-13420h','23990000','','','','','','','','23990000','19990000','17','2025-03-25T23:59:00.000+07:00','','0',''
'"81998579139"','10.3313675','Lenovo ThinkBook 14 G6 IRL I5 13420H (21KG00RDVN)','Lenovo ThinkBook 14 G6 IRL I5 13420H (21KG00RDVN)','Normal','Normal','may-tinh-xach-tay/lenovo-thinkbook-14-g6-irl-i5-13420h','20290000','','','','','','','','20290000','18290000','10','2025-03-25T23:59:00.000+07:00','','0',''
'"861557140019"','10.310317','HP 14s-em0078AU R5 7520U (80R28PA)','HP 14s-em0078AU R5 7520U (80R28PA)','Normal','Normal','may-tinh-xach-tay/hp-14s-em0078au-r5-7520u','14190000','','','','','','','','14190000','11990000','16','2025-03-31T23:59:00.000+07:00','','0',''
'"764671220404"','10.307812','HP 245 G10 R5-7530U (A20TFPT)','HP 245 G10 R5-7530U (A20TFPT)','Normal','Normal','may-tinh-xach-tay/hp-245-g10-a20tfpt-r5-7530u','15590000','','','','','','','','15590000','12190000','22','2025-03-25T23:59:00.000+07:00','','0',''
'"193908039653"','10.307764','Asus Vivobook 15 OLED A1505VA-MA466W i5-13500H','Asus Vivobook 15 OLED A1505VA-MA466W i5-13500H','Normal','Normal','may-tinh-xach-tay/asus-vivobook-15-oled-a1505va-ma466w-i-5-13500h','20990000','','','','','','','','20990000','17490000','17','2025-03-25T23:59:00.000+07:00','','0',''
'"859119724039"','10.307622','MacBook Air 13" 2020 M1','MacBook Air 13" 2020 M1','Normal','Normal','may-tinh-xach-tay/macbook-air-13-2020-m1-256gb','22990000','','','','','','','','22990000','16990000','26','2025-03-27T23:59:00.000+07:00','','0',''
'"312759537151"','10.306845','HP 245 G10 R7 7730U (8F157PA)','HP 245 G10 R7 7730U (8F157PA)','Normal','Normal','may-tinh-xach-tay/hp-245-g10-r7-7730u','19990000','','','','','','','','19990000','15490000','23','2025-03-25T23:59:00.000+07:00','','0',''
'"264739610738"','10.305902','Acer Gaming Aspire 5 A515-58GM-53CM i5 13420H','Acer Gaming Aspire 5 A515-58GM-53CM i5 13420H','Normal','Normal','may-tinh-xach-tay/acer-gaming-aspire-5-a515-58g-53cm-i5-13420h','22990000','','','','','','','','22990000','18990000','17','2025-03-25T23:59:00.000+07:00','','0',''
'"623010011994"','10.29625','Máy tính xách tay Acer Gaming Aspire 5 A515-58GM-51LB i5 13420H/16GB/512GB/RTX2050 4GB/Win11_Xám','Máy tính xách tay Acer Gaming Aspire 5 A515-58GM-51LB i5 13420H/16GB/512GB/RTX2050 4GB/Win11_Xám','Normal','Normal','may-tinh-xach-tay/acer-aspire-5-a515-58gm-51lb-i5-13420h','21490000','','','','','','','','21490000','16990000','21','2025-03-25T23:59:00.000+07:00','','0',''
'"311972931059"','10.295288','MSI Gaming Thin A15 B7UC-261VN R5 7535HS','MSI Gaming Thin A15 B7UC-261VN R5 7535HS','Normal','Normal','may-tinh-xach-tay/msi-gaming-thin-a15-b7uc-261vn-r5-7535hs','21990000','','','','','','','','21990000','17490000','20','2025-03-25T23:59:00.000+07:00','','0',''
'"773673034438"','10.294777','MSI Gaming Thin 15 B12UC-1416VN i5 12450H','MSI Gaming Thin 15 B12UC-1416VN i5 12450H','Normal','Normal','may-tinh-xach-tay/msi-gaming-thin-15-b12uc-1416vn-i5-12450h','20790000','','','','','','','','20790000','17490000','16','2025-03-25T23:59:00.000+07:00','','0',''
'"173896110981"','10.289586','Lenovo Gaming LOQ 15IAX9 i5 12450HX (83GS001QVN)','Lenovo Gaming LOQ 15IAX9 i5 12450HX (83GS001QVN)','Normal','Normal','may-tinh-xach-tay/lenovo-gaming-loq-15iax9-i5-12450hx-83gs001qvn','26990000','','','','','','','','26990000','24990000','7','2025-03-25T23:59:00.000+07:00','','0',''
'"859112924252"','10.2701845','Masstel E140 Celeron N4120 Win 10','Masstel E140 Celeron N4120 Win 10','Normal','Normal','may-tinh-xach-tay/masstel-e140-celeron-n4120','7990000','','','','','','','','7990000','3590000','55','2025-03-31T23:59:00.000+07:00','','0',''
'"859112518612"','10.2662525','MacBook Air M2 2022 13 inch','MacBook Air M2 2022 13 inch','Normal','Normal','may-tinh-xach-tay/macbook-air-m2-2022-13-inch','27990000','','','','','','','','27990000','21490000','23','2025-03-27T23:59:00.000+07:00','','0',''
'"849993831689"','10.249388','MSI Gaming Thin 15 B13UCX-2080VN i5 13420H','MSI Gaming Thin 15 B13UCX-2080VN i5 13420H','Normal','Normal','may-tinh-xach-tay/msi-gaming-thin-15-b13ucx-2080vn-i5-13420h','19990000','','','','','','','','19990000','16490000','18','2025-03-25T23:59:00.000+07:00','','0',''
'"646868412703"','10.247004','Acer Swift Lite 14 AI SFL14-51M-56HS U5 125U','Acer Swift Lite 14 AI SFL14-51M-56HS U5 125U','Normal','Normal','may-tinh-xach-tay/acer-swift-lite-14-ai-sfl14-51m-56hs-u5-125u','19990000','','','','','','','','19990000','18990000','5','2025-03-25T23:59:00.000+07:00','','0',''
'"565048216314"','10.236452','Dell Inspiron N3520 i5 1235U_71045026','Dell Inspiron N3520 i5 1235U_71045026','Normal','Normal','may-tinh-xach-tay/dell-inspiron-n3520-i5-1235u-71045026','17290000','','','','','','','','17290000','16490000','5','2025-03-31T23:59:00.000+07:00','','0',''
'"611623124700"','10.23354','Gigabyte Gaming G5 MF5-H2VN353KH i7 13620H','Gigabyte Gaming G5 MF5-H2VN353KH i7 13620H','Normal','Normal','may-tinh-xach-tay/gigabyte-gaming-g5-mf5-h2vn353kh-i7-13620h','25490000','','','','','','','','25490000','22990000','10','2025-03-25T23:59:00.000+07:00','','0',''
'"444265811235"','10.232039','Gigabyte Gaming G5 KF5-53VN353SH i5-13500H','Gigabyte Gaming G5 KF5-53VN353SH i5-13500H','Normal','Normal','may-tinh-xach-tay/gigabyte-gaming-g5-kf5-53vn353sh-i5-13500h','25990000','','','','','','','','25990000','22590000','13','2025-03-25T23:59:00.000+07:00','','0',''
'"12697098901"','10.22407','Acer Aspire 5 A515-58GM-53PZ i5 13420H','Acer Aspire 5 A515-58GM-53PZ i5 13420H','Normal','Normal','may-tinh-xach-tay/acer-gaming-aspire-5-a515-58gm-53pz-i5-13420h','20490000','','','','','','','','20490000','15790000','23','2025-03-25T23:59:00.000+07:00','','0',''
'"615341714165"','10.215262','Gigabyte Gaming G5 MF5-52VN353SH i5 13500H','Gigabyte Gaming G5 MF5-52VN353SH i5 13500H','Normal','Normal','may-tinh-xach-tay/gigabyte-gaming-g5-mf5-52vn353sh-i5-13500h','22990000','','','','','','','','22990000','20190000','12','2025-03-25T23:59:00.000+07:00','','0',''
'"230445027840"','10.211346','Asus Zenbook 14 OLED UX3405MA-PP151W Core Ultra 5-125H','Asus Zenbook 14 OLED UX3405MA-PP151W Core Ultra 5-125H','Normal','Normal','may-tinh-xach-tay/asus-zenbook-14-oled-ux3405ma-pp151w-ultra-5-125h','28990000','','','','','','','','28990000','25990000','10','2025-03-25T23:59:00.000+07:00','','0',''
'"174746436825"','10.493317','Dell Vostro V3520 i5 1235U_i5U165W11GRU','Dell Vostro V3520 i5 1235U_i5U165W11GRU','Normal','Normal','may-tinh-xach-tay/dell-vostro-15-3520-i5-1235u-i5u165w11gru','17290000','','','','','','','','17290000','15990000','8','2025-03-25T23:59:00.000+07:00','','0',''
'"000560716967"','10.473931','Macbook Air 13 M2 2024 8CPU/8GPU/16GB/256GB','Macbook Air 13 M2 2024 8CPU/8GPU/16GB/256GB','Normal','Normal','may-tinh-xach-tay/macbook-air-m2-13-2024-8cpu-8gpu-16gb-256gb','24990000','','','','','','','','24990000','23490000','6','2025-03-27T23:59:00.000+07:00','','0',''
'"011281333455"','10.462798','MSI Gaming Katana 15 B13VFK-2099VN i7 13620H','MSI Gaming Katana 15 B13VFK-2099VN i7 13620H','Normal','Normal','may-tinh-xach-tay/msi-gaming-katana-15-b13vfk-2099vn-i7-13620h','33990000','','','','','','','','33990000','29390000','14','2025-03-25T23:59:00.000+07:00','','0',''
'"178210514203"','10.433885','Lenovo Ideapad Slim 3 15IRH8 i7 13620H (83EM003EVN)','Lenovo Ideapad Slim 3 15IRH8 i7 13620H (83EM003EVN)','Normal','Normal','may-tinh-xach-tay/lenovo-ideapad-slim-3-15irh8-i7-13620h','18490000','','','','','','','','18490000','17990000','3','2025-03-31T23:59:00.000+07:00','','0',''
'"817090417472"','10.431239','Asus TUF Gaming FA507NVR-LP091W R7-7435HS','Asus TUF Gaming FA507NVR-LP091W R7-7435HS','Normal','Normal','may-tinh-xach-tay/asus-tuf-gaming-fa507nvr-lp091w-r7-7435hs','29490000','','','','','','','','29490000','26490000','10','2025-03-25T23:59:00.000+07:00','','0',''
'"957169829290"','10.416815','Asus Zenbook 14 OLED UX3405MA-PP152W Core Ultra 7-155H','Asus Zenbook 14 OLED UX3405MA-PP152W Core Ultra 7-155H','Normal','Normal','may-tinh-xach-tay/asus-zenbook-14-oled-ux3405ma-pp152w-ultra-7-155h','34990000','','','','','','','','34990000','30990000','11','2025-03-25T23:59:00.000+07:00','','0',''
'"690921025013"','10.386275','MacBook Pro 14 M4 2024 10CPU/10GPU/16GB/512GB','MacBook Pro 14 M4 2024 10CPU/10GPU/16GB/512GB','Normal','Normal','may-tinh-xach-tay/macbook-pro-m4-14-2024-10cpu-10gpu-16gb-512b','39990000','','','','','','','','39990000','39990000','0','null','','0',''
'"010377146540"','10.3750925','MSI Modern 14 C7M-221VN R7 7730U','MSI Modern 14 C7M-221VN R7 7730U','Normal','Normal','may-tinh-xach-tay/msii-modern-14-c7m-221vn-r7-7730u','12490000','','','','','','','','12490000','10190000','18','2025-03-25T23:59:00.000+07:00','','0',''
'"317880630994"','10.369911','Dell Vostro 15 V3530 i5 1335U','Dell Vostro 15 V3530 i5 1335U','Normal','Normal','may-tinh-xach-tay/dell-vostro-15-3530-i5-1335u','19990000','','','','','','','','19990000','18490000','8','2025-03-25T23:59:00.000+07:00','','0',''
'"35760516877"','10.362808','Acer Nitro 5 Tiger Gaming AN515-58-773Y i7 12700H','Acer Nitro 5 Tiger Gaming AN515-58-773Y i7 12700H','Normal','Normal','may-tinh-xach-tay/acer-nitro-5-tiger-gaming-an515-58-773y-i7-12700h','33790000','','','','','','','','33790000','23490000','30','2025-03-25T23:59:00.000+07:00','','0',''
'"661304126881"','10.357473','Acer Swift Go SFG14-41-R19Z R5 7530U (NX.KG3SV.001)','Acer Swift Go SFG14-41-R19Z R5 7530U (NX.KG3SV.001)','Normal','Normal','may-tinh-xach-tay/acer-swift-go-sfg14-41-r19z-r5-7530u','18490000','','','','','','','','18490000','15990000','14','2025-03-31T23:59:00.000+07:00','','0',''
'"543668006638"','10.352744','Acer Swift 3 SF314-512-741L i7 1260P (NX.K7JSV.001)','Acer Swift 3 SF314-512-741L i7 1260P (NX.K7JSV.001)','Normal','Normal','may-tinh-xach-tay/acer-swift-3-sf314-512-741l-i7-1260p','29490000','','','','','','','','29490000','18990000','36','2025-03-25T23:59:00.000+07:00','','0',''
'"05920666137"','10.348396','Acer Swift Go AI SFG14-73-53X7 Ultra 5-125H','Acer Swift Go AI SFG14-73-53X7 Ultra 5-125H','Normal','Normal','may-tinh-xach-tay/acer-swift-so-ai-sfg14-73-53x7-ultra-5-125h','24490000','','','','','','','','24490000','23290000','5','2025-03-25T23:59:00.000+07:00','','0',''
'"278366034905"','10.344262','Lenovo ThinkBook 16 G6 IRL i5-13420H (21KH00Q0VN)','Lenovo ThinkBook 16 G6 IRL i5-13420H (21KH00Q0VN)','Normal','Normal','may-tinh-xach-tay/lenovo-thinkbook-16-g6-irl-i5-13420h-21kh00q0vn','19990000','','','','','','','','19990000','17990000','10','2025-03-31T23:59:00.000+07:00','','0',''
'"158367921039"','10.339136','HP 15-fd1060TU U7-155H (9Z2X8PA)','HP 15-fd1060TU U7-155H (9Z2X8PA)','Normal','Normal','may-tinh-xach-tay/hp-15-fd1060tu-core-ultra-7-155h','24490000','','','','','','','','24490000','24490000','0','2025-03-23T23:59:00.000+07:00','','0',''
'"81998579139"','10.3313675','Lenovo ThinkBook 14 G6 IRL I5 13420H (21KG00RDVN)','Lenovo ThinkBook 14 G6 IRL I5 13420H (21KG00RDVN)','Normal','Normal','may-tinh-xach-tay/lenovo-thinkbook-14-g6-irl-i5-13420h','20290000','','','','','','','','20290000','18290000','10','2025-03-25T23:59:00.000+07:00','','0',''
'"754757715051"','10.30758','MSI Gaming Katana A15 AI B8VE-402VN R7 8845HS','MSI Gaming Katana A15 AI B8VE-402VN R7 8845HS','Normal','Normal','may-tinh-xach-tay/msi-gaming-katana-a15-ai-b8ve-402vn-r7-8845hs','28990000','','','','','','','','28990000','24990000','14','2025-03-25T23:59:00.000+07:00','','0',''
'"480811538353"','10.300186','Macbook Air M2 13 2022 8CPU 10GPU/16GB/256GB','Macbook Air M2 13 2022 8CPU 10GPU/16GB/256GB','Normal','Normal','may-tinh-xach-tay/macbook-air-m2-13-inch-2022-8cpu-10gpu-16gb-256gb','29990000','','','','','','','','29990000','25990000','13','2025-03-27T23:59:00.000+07:00','','0',''
'"642002438095"','10.297942','Lenovo Gaming Legion Slim 5 16AHP9 R7 8845HS (83DH003AVN)','Lenovo Gaming Legion Slim 5 16AHP9 R7 8845HS (83DH003AVN)','Normal','Normal','may-tinh-xach-tay/lenovo-gaming-legion-slim-5-16ahp9-r7-8845hs-83dh003avn','41990000','','','','','','','','41990000','38990000','7','2025-03-25T23:59:00.000+07:00','','0',''
'"173896110981"','10.289586','Lenovo Gaming LOQ 15IAX9 i5 12450HX (83GS001QVN)','Lenovo Gaming LOQ 15IAX9 i5 12450HX (83GS001QVN)','Normal','Normal','may-tinh-xach-tay/lenovo-gaming-loq-15iax9-i5-12450hx-83gs001qvn','26990000','','','','','','','','26990000','24990000','7','2025-03-25T23:59:00.000+07:00','','0',''
'"974941224415"','10.278077','Asus Vivobook S 14 OLED M5406WA-PP071WS Ryzen AI 9 HX 370','Asus Vivobook S 14 OLED M5406WA-PP071WS Ryzen AI 9 HX 370','Normal','Normal','may-tinh-xach-tay/asus-vivobook-s-14-oled-m5406wa-pp071ws','33990000','','','','','','','','33990000','30990000','9','2025-03-31T23:59:00.000+07:00','','0',''
'"859111305979"','10.278077','MacBook Air 13" 2020 M1 16GB/256GB','MacBook Air 13" 2020 M1 16GB/256GB','Normal','Normal','may-tinh-xach-tay/macbook-air-13-2020-m1-16gb-256gb','29990000','','','','','','','','29990000','21990000','27','2025-03-27T23:59:00.000+07:00','','0',''
'"543667461065"','10.257991','Máy tính xách tay MacBook Air 15 M2 2023 8CPU 10GPU/8GB/256GB','Máy tính xách tay MacBook Air 15 M2 2023 8CPU 10GPU/8GB/256GB','Normal','Normal','may-tinh-xach-tay/macbook-air-m2-2023-15-inch','32890000','','','','','','','','32890000','27490000','16','2025-03-27T23:59:00.000+07:00','','0',''
'"468320631663"','10.246904','MSI Gaming Gaming Cyborg 15 A12UC-621VN i5 12450H','MSI Gaming Gaming Cyborg 15 A12UC-621VN i5 12450H','Normal','Normal','may-tinh-xach-tay/msi-gaming-cyborg-15-a12uc-621vn-i5-12450h','17990000','','','','','','','','17990000','16990000','6','2025-03-25T23:59:00.000+07:00','','0',''
'"311606430737"','10.235883','Asus Vivobook S5406MA-PP124W Ultra 5-125H','Asus Vivobook S5406MA-PP124W Ultra 5-125H','Normal','Normal','may-tinh-xach-tay/asus-vivobook-s5406ma-pp124w-ultra-5-125h','25990000','','','','','','','','25990000','22990000','12','2025-03-31T23:59:00.000+07:00','','0',''
'"861557159770"','10.235883','Gigabyte Gaming G5 KF-E3VN313SH i5 12500H','Gigabyte Gaming G5 KF-E3VN313SH i5 12500H','Normal','Normal','may-tinh-xach-tay/gigabyte-gaming-g5-kf-e3vn313sh-i5-12500h','24990000','','','','','','','','24990000','21490000','14','2025-03-25T23:59:00.000+07:00','','0',''
'"572096238106"','10.235594','Asus Vivobook 15 OLED A1505VA-MA492W i7-13700H','Asus Vivobook 15 OLED A1505VA-MA492W i7-13700H','Normal','Normal','may-tinh-xach-tay/asus-vivobook-15-oled-a1505va-ma492w-i7-13700h','21990000','','','','','','','','21990000','20290000','8','2025-03-25T23:59:00.000+07:00','','0',''
'"227312011542"','10.235594','MSI Gaming GF63 Thin 12UC-1006VN i5 12450H','MSI Gaming GF63 Thin 12UC-1006VN i5 12450H','Normal','Normal','may-tinh-xach-tay/msi-gaming-gf63-thin-12uc-1006vn-i5-12450h','18990000','','','','','','','','18990000','16990000','11','2025-03-25T23:59:00.000+07:00','','0',''
'"453007945134"','10.212282','Acer Aspire 5 A515-58M-56YX i5 13420H','Acer Aspire 5 A515-58M-56YX i5 13420H','Normal','Normal','may-tinh-xach-tay/acer-aspire-5-a515-58m-56yx-i5-13420h','17490000','','','','','','','','17490000','14990000','14','2025-03-25T23:59:00.000+07:00','','0',''
'"543668597676"','10.165911','Huawei MateBook D14 BE i3 1215U','Huawei MateBook D14 BE i3 1215U','Normal','Normal','may-tinh-xach-tay/huawei-ytfz-x-matebook-d14-be-i3-1215u','10290000','','','','','','','','10290000','9490000','8','2025-03-31T23:59:00.000+07:00','','0',''
'"215736415642"','10.141739','Asus TUF Gaming A15 FA506NF-HN005W R5-7535HS','Asus TUF Gaming A15 FA506NF-HN005W R5-7535HS','Normal','Normal','may-tinh-xach-tay/asus-tuf-gaming-a15-fa506nf-hn005w-r5-7535hs','19990000','','','','','','','','19990000','14990000','25','2025-03-25T23:59:00.000+07:00','','0',''
'"234763512150"','10.122653','HP Envy X360 14-fc01062TU Core Ultra 5-125U (AY8X1PA)','HP Envy X360 14-fc01062TU Core Ultra 5-125U (AY8X1PA)','Normal','Normal','may-tinh-xach-tay/hp-envy-x360-14-fc01062tu-core-ultra-5-125u-ay8x1pa','29890000','','','','','','','','29890000','28690000','4','2025-03-31T23:59:00.000+07:00','','0',''
'"334001138771"','10.071461','Asus Vivobook 15 OLED A1505VA-MA469W i9-13900H','Asus Vivobook 15 OLED A1505VA-MA469W i9-13900H','Normal','Normal','may-tinh-xach-tay/asus-vivobook-15-oled-a1505va-ma469w-i9-13900h','24990000','','','','','','','','24990000','22990000','8','2025-03-25T23:59:00.000+07:00','','0',''
'"202045110255"','10.065985','Macbook Air M3 13 2024 8CPU 10GPU/16GB/256GB','Macbook Air M3 13 2024 8CPU 10GPU/16GB/256GB','Normal','Normal','may-tinh-xach-tay/macbook-air-m3-13-2024-8cpu-10gpu-16gb-256gb','32990000','','','','','','','','32990000','28490000','14','2025-03-27T23:59:00.000+07:00','','0',''
'"817090417472"','9.954358','Asus TUF Gaming FA507NVR-LP091W R7-7435HS','Asus TUF Gaming FA507NVR-LP091W R7-7435HS','Normal','Normal','may-tinh-xach-tay/asus-tuf-gaming-fa507nvr-lp091w-r7-7435hs','29490000','','','','','','','','29490000','26490000','10','2025-03-25T23:59:00.000+07:00','','0',''
'"957169829290"','9.939934','Asus Zenbook 14 OLED UX3405MA-PP152W Core Ultra 7-155H','Asus Zenbook 14 OLED UX3405MA-PP152W Core Ultra 7-155H','Normal','Normal','may-tinh-xach-tay/asus-zenbook-14-oled-ux3405ma-pp152w-ultra-7-155h','34990000','','','','','','','','34990000','30990000','11','2025-03-25T23:59:00.000+07:00','','0',''
'"010068415541"','9.937445','Dell Vostro V3430_60YGM1','Dell Vostro V3430_60YGM1','Normal','Normal','may-tinh-xach-tay/dell-vostro-v3430-60ygm1-i5-1335u','21990000','','','','','','','','21990000','18490000','16','2025-03-25T23:59:00.000+07:00','','0',''
'"084122414684"','9.937445','MSI Gaming Cyborg 15 AI A1VE-053VN Ultra 7 155H','MSI Gaming Cyborg 15 AI A1VE-053VN Ultra 7 155H','Normal','Normal','may-tinh-xach-tay/msi-gaming-cyborg-15-ai-a1ve-053vn-ultra-7-155h','30990000','','','','','','','','30990000','28490000','8','2025-03-25T23:59:00.000+07:00','','0',''
'"859117912355"','9.937445','MacBook Air M2 13 2022 8CPU 10GPU 8GB 512GB','MacBook Air M2 13 2022 8CPU 10GPU 8GB 512GB','Normal','Normal','may-tinh-xach-tay/macbook-air-m2-13-2022-8cpu-10gpu-8gb-512gb','31990000','','','','','','','','31990000','25990000','19','2025-03-27T23:59:00.000+07:00','','0',''
'"556973412497"','9.901965','Lenovo Ideapad Slim 5 15IRU9 CORE 5_120U (83D00003VN)','Lenovo Ideapad Slim 5 15IRU9 CORE 5_120U (83D00003VN)','Normal','Normal','may-tinh-xach-tay/lenovo-ideapad-slim-5-15iru9-core-5-120u','22690000','','','','','','','','22690000','18790000','17','2025-03-25T23:59:00.000+07:00','','0',''
'"543667449699"','9.901965','Gigabyte Gaming G5 MF-F2VN313SH i5 12450H','Gigabyte Gaming G5 MF-F2VN313SH i5 12450H','Normal','Normal','may-tinh-xach-tay/gigabyte-gaming-g5-mf-f2vn313sh-i5-12450h','21990000','','','','','','','','21990000','19190000','13','2025-03-25T23:59:00.000+07:00','','0',''
'"767886433209"','9.900429','Lenovo IdeaPad Slim 5 14IMH9 Ultra 5 125H (83DA001NVN)','Lenovo IdeaPad Slim 5 14IMH9 Ultra 5 125H (83DA001NVN)','Normal','Normal','may-tinh-xach-tay/lenovo-ideapad-slim-5-14imh9-ultra-5-125h','22690000','','','','','','','','22690000','21790000','4','2025-03-25T23:59:00.000+07:00','','0',''
'"317880630994"','9.89303','Dell Vostro 15 V3530 i5 1335U','Dell Vostro 15 V3530 i5 1335U','Normal','Normal','may-tinh-xach-tay/dell-vostro-15-3530-i5-1335u','19990000','','','','','','','','19990000','18490000','8','2025-03-25T23:59:00.000+07:00','','0',''
'"106734414032"','9.888176','Lenovo IdeaPad Slim 5 14IMH9 Ultra 7 155H (83DA006UVN)','Lenovo IdeaPad Slim 5 14IMH9 Ultra 7 155H (83DA006UVN)','Normal','Normal','may-tinh-xach-tay/lenovo-ideapad-slim-5-14imh9-ultra-7-155h','25690000','','','','','','','','25690000','24990000','3','2025-03-31T23:59:00.000+07:00','','0',''
'"654783037184"','9.883686','Macbook Air M2 13 2022 8CPU 10GPU/16GB/512GB','Macbook Air M2 13 2022 8CPU 10GPU/16GB/512GB','Normal','Normal','may-tinh-xach-tay/macbook-air-m2-13-inch-2022-8cpu-10gpu-16gb-512gb','34990000','','','','','','','','34990000','28590000','18','2025-03-27T23:59:00.000+07:00','','0',''
'"075352030049"','9.883686','MacBook Pro 14 2023 M3 Pro 11 CPU/14GPU/36GB/512GB','MacBook Pro 14 2023 M3 Pro 11 CPU/14GPU/36GB/512GB','Normal','Normal','may-tinh-xach-tay/macbook-pro-14-2023-m3-pro-11-cpu-14-gpu-36gb-512gb','59990000','','','','','','','','59990000','59990000','0','null','','0',''
'"278366034905"','9.867381','Lenovo ThinkBook 16 G6 IRL i5-13420H (21KH00Q0VN)','Lenovo ThinkBook 16 G6 IRL i5-13420H (21KH00Q0VN)','Normal','Normal','may-tinh-xach-tay/lenovo-thinkbook-16-g6-irl-i5-13420h-21kh00q0vn','19990000','','','','','','','','19990000','17990000','10','2025-03-31T23:59:00.000+07:00','','0',''
'"434640927723"','9.865038','HP Envy x360 14-fc0090TU Core Ultra 7-155U(A19C0PA)','HP Envy x360 14-fc0090TU Core Ultra 7-155U(A19C0PA)','Normal','Normal','may-tinh-xach-tay/hp-envy-x360-14-fc0090tu-a19c0pa','33490000','','','','','','','','33490000','32190000','4','2025-03-31T23:59:00.000+07:00','','0',''
'"435315135642"','9.862923','Asus Vivobook S16 OLED S5606MA-MX051W U7-155H','Asus Vivobook S16 OLED S5606MA-MX051W U7-155H','Normal','Normal','may-tinh-xach-tay/asus-vivobook-s16-oled-s5606ma-mx051w-intel-core-ultra-7-155h','29990000','','','','','','','','29990000','26490000','12','2025-03-31T23:59:00.000+07:00','','0',''
'"754757715051"','9.830699','MSI Gaming Katana A15 AI B8VE-402VN R7 8845HS','MSI Gaming Katana A15 AI B8VE-402VN R7 8845HS','Normal','Normal','may-tinh-xach-tay/msi-gaming-katana-a15-ai-b8ve-402vn-r7-8845hs','28990000','','','','','','','','28990000','24990000','14','2025-03-25T23:59:00.000+07:00','','0',''
'"677109810406"','9.826604','Lenovo Yoga 9 2in1 14IMH9 Ultra 7 155H (83AC000SVN)','Lenovo Yoga 9 2in1 14IMH9 Ultra 7 155H (83AC000SVN)','Normal','Normal','may-tinh-xach-tay/lenovo-yoga-9-2in1-14imh9-ultra-7-155h','47990000','','','','','','','','47990000','47990000','0','null','','0',''
'"925916310407"','9.826604','Lenovo Gaming LOQ 15IAX9 i5 12450HX (83GS000RVN)','Lenovo Gaming LOQ 15IAX9 i5 12450HX (83GS000RVN)','Normal','Normal','may-tinh-xach-tay/lenovo-gaming-loq-15iax9-i5-12450hx-16gb','27990000','','','','','','','','27990000','24990000','11','2025-03-31T23:59:00.000+07:00','','0',''
'"543667464978"','9.826604','LG Gram 16Z90R-E.AH75A5 i7 1360P','LG Gram 16Z90R-E.AH75A5 i7 1360P','Normal','Normal','may-tinh-xach-tay/lg-gram-16z90r-eah75a5-i7-1360p','49990000','','','','','','','','49990000','29490000','41','2025-03-31T23:59:00.000+07:00','','0',''
'"642002438095"','9.821061','Lenovo Gaming Legion Slim 5 16AHP9 R7 8845HS (83DH003AVN)','Lenovo Gaming Legion Slim 5 16AHP9 R7 8845HS (83DH003AVN)','Normal','Normal','may-tinh-xach-tay/lenovo-gaming-legion-slim-5-16ahp9-r7-8845hs-83dh003avn','41990000','','','','','','','','41990000','38990000','7','2025-03-25T23:59:00.000+07:00','','0',''
'"812217626225"','9.806803','MacBook Pro 14 M4 Pro 2024 14CPU/20GPU/24GB/1TB','MacBook Pro 14 M4 Pro 2024 14CPU/20GPU/24GB/1TB','Normal','Normal','may-tinh-xach-tay/macbook-pro-m4-pro-14-2024-14cpu-20gpu-24gb-1tb','59990000','','','','','','','','59990000','59990000','0','null','','0',''
'"815119226710"','9.806803','MacBook Pro 16 M4 Max 2024 14CPU/32GPU/36GB/1TB','MacBook Pro 16 M4 Max 2024 14CPU/32GPU/36GB/1TB','Normal','Normal','may-tinh-xach-tay/macbook-pro-m4-max-16-2024-14cpu-32gpu-36gb-1tb','89990000','','','','','','','','89990000','89990000','0','null','','0',''
'"928823613048"','9.806803','MSI Gaming Stealth 14 AI Studio A1VFG-050VN Ultra 7 155H','MSI Gaming Stealth 14 AI Studio A1VFG-050VN Ultra 7 155H','Normal','Normal','may-tinh-xach-tay/msi-gaming-stealth-14-ai-studio-a1vfg-050vn-ultra-7-155h','49990000','','','','','','','','49990000','49490000','1','2025-03-31T23:59:00.000+07:00','','0',''
'"974941224415"','9.801196','Asus Vivobook S 14 OLED M5406WA-PP071WS Ryzen AI 9 HX 370','Asus Vivobook S 14 OLED M5406WA-PP071WS Ryzen AI 9 HX 370','Normal','Normal','may-tinh-xach-tay/asus-vivobook-s-14-oled-m5406wa-pp071ws','33990000','','','','','','','','33990000','30990000','9','2025-03-31T23:59:00.000+07:00','','0',''
'"859111305979"','9.801196','MacBook Air 13" 2020 M1 16GB/256GB','MacBook Air 13" 2020 M1 16GB/256GB','Normal','Normal','may-tinh-xach-tay/macbook-air-13-2020-m1-16gb-256gb','29990000','','','','','','','','29990000','21990000','27','2025-03-27T23:59:00.000+07:00','','0',''
'"059663525766"','9.795189','Macbook Air M3 15 2024 8CPU 10GPU/16GB/512GB','Macbook Air M3 15 2024 8CPU 10GPU/16GB/512GB','Normal','Normal','may-tinh-xach-tay/macbook-air-m3-15-2024-8cpu-10gpu-16gb-512gb','42990000','','','','','','','','42990000','34990000','19','2025-03-27T23:59:00.000+07:00','','0',''
'"311606430737"','9.759002','Asus Vivobook S5406MA-PP124W Ultra 5-125H','Asus Vivobook S5406MA-PP124W Ultra 5-125H','Normal','Normal','may-tinh-xach-tay/asus-vivobook-s5406ma-pp124w-ultra-5-125h','25990000','','','','','','','','25990000','22990000','12','2025-03-31T23:59:00.000+07:00','','0',''
'"861557159770"','9.759002','Gigabyte Gaming G5 KF-E3VN313SH i5 12500H','Gigabyte Gaming G5 KF-E3VN313SH i5 12500H','Normal','Normal','may-tinh-xach-tay/gigabyte-gaming-g5-kf-e3vn313sh-i5-12500h','24990000','','','','','','','','24990000','21490000','14','2025-03-25T23:59:00.000+07:00','','0',''
'"628192014548"','9.751176','Asus Zenbook S 14 OLED UX5406SA-PV140WS Core Ultra 7-258V','Asus Zenbook S 14 OLED UX5406SA-PV140WS Core Ultra 7-258V','Normal','Normal','may-tinh-xach-tay/asus-zenbook-s-14-oled-ux5406sa-pv140ws','44990000','','','','','','','','44990000','40990000','9','2025-03-31T23:59:00.000+07:00','','0',''
'"543667851798"','9.751176','VAIO FE14 i5 1235U (VWNC51427-BK)','VAIO FE14 i5 1235U (VWNC51427-BK)','Normal','Normal','may-tinh-xach-tay/vaio-fe14-i5-1235u-vwnc51427-bk','15990000','','','','','','','','15990000','11990000','25','2025-03-31T23:59:00.000+07:00','','0',''
'"066410412413"','9.735908','Dell Inspiron 16 N5640 i5 1334U_N6I5419W1','Dell Inspiron 16 N5640 i5 1334U_N6I5419W1','Normal','Normal','may-tinh-xach-tay/dell-inspiron-16-n5640-i5-1334u','23690000','','','','','','','','23690000','21990000','7','2025-03-31T23:59:00.000+07:00','','0',''
'"543668003843"','9.720331','MSI Modern 14 C12MO-660VN i5 1235U','MSI Modern 14 C12MO-660VN i5 1235U','Normal','Normal','may-tinh-xach-tay/msi-modern-14-c12mo-660vn-i5-1235u','15990000','','','','','','','','15990000','11990000','25','2025-03-25T23:59:00.000+07:00','','0',''
'"191114027357"','9.704441','HP Envy x360 14-fc0094TU Core Ultra 5-125U (A19C4PA)','HP Envy x360 14-fc0094TU Core Ultra 5-125U (A19C4PA)','Normal','Normal','may-tinh-xach-tay/hp-envy-x360-14-fc0094tu-a19c4pa','29490000','','','','','','','','29490000','28290000','4','2025-03-31T23:59:00.000+07:00','','0',''
'"543668597676"','9.68903','Huawei MateBook D14 BE i3 1215U','Huawei MateBook D14 BE i3 1215U','Normal','Normal','may-tinh-xach-tay/huawei-ytfz-x-matebook-d14-be-i3-1215u','10290000','','','','','','','','10290000','9490000','8','2025-03-31T23:59:00.000+07:00','','0',''
'"815803912057"','9.688229','Lenovo Gaming Legion 5 16IRX9 i7 14650HX (83DG0050VN)','Lenovo Gaming Legion 5 16IRX9 i7 14650HX (83DG0050VN)','Normal','Normal','may-tinh-xach-tay/lenovo-gaming-legion-5-16irx9-i7-14650hx-32gb','46990000','','','','','','','','46990000','43990000','6','2025-03-31T23:59:00.000+07:00','','0',''
'"153230525597"','9.688229','Macbook Air M3 15 2024 8CPU 10GPU/8GB/512GB','Macbook Air M3 15 2024 8CPU 10GPU/8GB/512GB','Normal','Normal','may-tinh-xach-tay/macbook-air-m3-15-2024-8cpu-10gpu-8gb-512gb','37990000','','','','','','','','37990000','33990000','11','2025-03-27T23:59:00.000+07:00','','0',''
'"543668004402"','9.629207','Máy tính xách tay MSI Gaming Katana 15 B13VGK-1211VN i7-13620H/16G/1T/15.6"FHD/RTX4070_8G/Win11_Balo','Máy tính xách tay MSI Gaming Katana 15 B13VGK-1211VN i7-13620H/16G/1T/15.6"FHD/RTX4070_8G/Win11_Balo','Normal','Normal','may-tinh-xach-tay/msi-gaming-katana-15-b13vgk-1211vn-i7-13620h','41990000','','','','','','','','41990000','38990000','7','2025-03-31T23:59:00.000+07:00','','0',''
'"010068415541"','9.620025','Dell Vostro V3430_60YGM1','Dell Vostro V3430_60YGM1','Normal','Normal','may-tinh-xach-tay/dell-vostro-v3430-60ygm1-i5-1335u','21990000','','','','','','','','21990000','18490000','16','2025-03-25T23:59:00.000+07:00','','0',''
'"084122414684"','9.620025','MSI Gaming Cyborg 15 AI A1VE-053VN Ultra 7 155H','MSI Gaming Cyborg 15 AI A1VE-053VN Ultra 7 155H','Normal','Normal','may-tinh-xach-tay/msi-gaming-cyborg-15-ai-a1ve-053vn-ultra-7-155h','30990000','','','','','','','','30990000','28490000','8','2025-03-25T23:59:00.000+07:00','','0',''
'"859117912355"','9.620025','MacBook Air M2 13 2022 8CPU 10GPU 8GB 512GB','MacBook Air M2 13 2022 8CPU 10GPU 8GB 512GB','Normal','Normal','may-tinh-xach-tay/macbook-air-m2-13-2022-8cpu-10gpu-8gb-512gb','31990000','','','','','','','','31990000','25990000','19','2025-03-27T23:59:00.000+07:00','','0',''
'"027936525731"','9.6094055','MacBook Pro 14 M4 Max 2024 14CPU/32GPU/36GB/1TB','MacBook Pro 14 M4 Max 2024 14CPU/32GPU/36GB/1TB','Normal','Normal','may-tinh-xach-tay/macbook-pro-m4-max-14-2024-14cpu-32gpu-36gb-1tb','79990000','','','','','','','','79990000','79990000','0','null','','0',''
'"812217626225"','9.6094055','MacBook Pro 14 M4 Pro 2024 14CPU/20GPU/24GB/1TB','MacBook Pro 14 M4 Pro 2024 14CPU/20GPU/24GB/1TB','Normal','Normal','may-tinh-xach-tay/macbook-pro-m4-pro-14-2024-14cpu-20gpu-24gb-1tb','59990000','','','','','','','','59990000','59990000','0','null','','0',''
'"556973412497"','9.584545','Lenovo Ideapad Slim 5 15IRU9 CORE 5_120U (83D00003VN)','Lenovo Ideapad Slim 5 15IRU9 CORE 5_120U (83D00003VN)','Normal','Normal','may-tinh-xach-tay/lenovo-ideapad-slim-5-15iru9-core-5-120u','22690000','','','','','','','','22690000','18790000','17','2025-03-25T23:59:00.000+07:00','','0',''
'"543667449699"','9.584545','Gigabyte Gaming G5 MF-F2VN313SH i5 12450H','Gigabyte Gaming G5 MF-F2VN313SH i5 12450H','Normal','Normal','may-tinh-xach-tay/gigabyte-gaming-g5-mf-f2vn313sh-i5-12450h','21990000','','','','','','','','21990000','19190000','13','2025-03-25T23:59:00.000+07:00','','0',''
'"654783037184"','9.566266','Macbook Air M2 13 2022 8CPU 10GPU/16GB/512GB','Macbook Air M2 13 2022 8CPU 10GPU/16GB/512GB','Normal','Normal','may-tinh-xach-tay/macbook-air-m2-13-inch-2022-8cpu-10gpu-16gb-512gb','34990000','','','','','','','','34990000','28590000','18','2025-03-27T23:59:00.000+07:00','','0',''
'"075352030049"','9.566266','MacBook Pro 14 2023 M3 Pro 11 CPU/14GPU/36GB/512GB','MacBook Pro 14 2023 M3 Pro 11 CPU/14GPU/36GB/512GB','Normal','Normal','may-tinh-xach-tay/macbook-pro-14-2023-m3-pro-11-cpu-14-gpu-36gb-512gb','59990000','','','','','','','','59990000','59990000','0','null','','0',''
'"887787513959"','9.55203','Acer Nitro V Gaming ANV15-51-55CA i5 13420H (NH.QN8SV.004)','Acer Nitro V Gaming ANV15-51-55CA i5 13420H (NH.QN8SV.004)','Normal','Normal','may-tinh-xach-tay/acer-nitro-v-gaming-anv15-51-55ca-i5-13420h','27990000','','','','','','','','27990000','24790000','11','2025-03-25T23:59:00.000+07:00','','0',''
'"434640927723"','9.547618','HP Envy x360 14-fc0090TU Core Ultra 7-155U(A19C0PA)','HP Envy x360 14-fc0090TU Core Ultra 7-155U(A19C0PA)','Normal','Normal','may-tinh-xach-tay/hp-envy-x360-14-fc0090tu-a19c0pa','33490000','','','','','','','','33490000','32190000','4','2025-03-31T23:59:00.000+07:00','','0',''
'"191270129319"','9.536761','Lenovo Gaming Legion Pro 5 16IRX9 i9-14900HX (83DF0046VN)','Lenovo Gaming Legion Pro 5 16IRX9 i9-14900HX (83DF0046VN)','Normal','Normal','may-tinh-xach-tay/lenovo-gaming-legion-pro-5-16irx9-i9-14900hx-83df0046vn','56990000','','','','','','','','56990000','51490000','10','2025-03-25T23:59:00.000+07:00','','0',''
'"821882413376"','9.536761','Gigabyte Gaming G6 KF-H3VN853SH i7-13620H','Gigabyte Gaming G6 KF-H3VN853SH i7-13620H','Normal','Normal','may-tinh-xach-tay/gigabyte-gaming-g6-kf-h3vn853sh-i7-13620h','28990000','','','','','','','','28990000','25490000','12','2025-03-25T23:59:00.000+07:00','','0',''
'"510107136665"','9.521185','HP Gaming Victus 16-s0078AX R5 7640HS (8C5N7PA)','HP Gaming Victus 16-s0078AX R5 7640HS (8C5N7PA)','Normal','Normal','may-tinh-xach-tay/hp-gaming-victus-16-s0078ax-r5-7640hs','27390000','','','','','','','','27390000','20990000','23','2025-03-25T23:59:00.000+07:00','','0',''
'"677109810406"','9.509184','Lenovo Yoga 9 2in1 14IMH9 Ultra 7 155H (83AC000SVN)','Lenovo Yoga 9 2in1 14IMH9 Ultra 7 155H (83AC000SVN)','Normal','Normal','may-tinh-xach-tay/lenovo-yoga-9-2in1-14imh9-ultra-7-155h','47990000','','','','','','','','47990000','47990000','0','null','','0',''
'"925916310407"','9.509184','Lenovo Gaming LOQ 15IAX9 i5 12450HX (83GS000RVN)','Lenovo Gaming LOQ 15IAX9 i5 12450HX (83GS000RVN)','Normal','Normal','may-tinh-xach-tay/lenovo-gaming-loq-15iax9-i5-12450hx-16gb','27990000','','','','','','','','27990000','24990000','11','2025-03-31T23:59:00.000+07:00','','0',''
'"543667464978"','9.509184','LG Gram 16Z90R-E.AH75A5 i7 1360P','LG Gram 16Z90R-E.AH75A5 i7 1360P','Normal','Normal','may-tinh-xach-tay/lg-gram-16z90r-eah75a5-i7-1360p','49990000','','','','','','','','49990000','29490000','41','2025-03-31T23:59:00.000+07:00','','0',''
'"815119226710"','9.489383','MacBook Pro 16 M4 Max 2024 14CPU/32GPU/36GB/1TB','MacBook Pro 16 M4 Max 2024 14CPU/32GPU/36GB/1TB','Normal','Normal','may-tinh-xach-tay/macbook-pro-m4-max-16-2024-14cpu-32gpu-36gb-1tb','89990000','','','','','','','','89990000','89990000','0','null','','0',''
'"928823613048"','9.489383','MSI Gaming Stealth 14 AI Studio A1VFG-050VN Ultra 7 155H','MSI Gaming Stealth 14 AI Studio A1VFG-050VN Ultra 7 155H','Normal','Normal','may-tinh-xach-tay/msi-gaming-stealth-14-ai-studio-a1vfg-050vn-ultra-7-155h','49990000','','','','','','','','49990000','49490000','1','2025-03-31T23:59:00.000+07:00','','0',''
'"749072025782"','9.489082','Dell Inspiron N3520 i5 1235U_25P2311','Dell Inspiron N3520 i5 1235U_25P2311','Normal','Normal','may-tinh-xach-tay/dell-inspiron-n3520-i5-1235u-25p2311','15990000','','','','','','','','15990000','14490000','9','2025-03-25T23:59:00.000+07:00','','0',''
'"659740526784"','9.472543','Asus TUF Gaming FX507VV-LP304W i7-13620H','Asus TUF Gaming FX507VV-LP304W i7-13620H','Normal','Normal','may-tinh-xach-tay/asus-tuf-gaming-fx507vv-lp304w-i7-13620h','32990000','','','','','','','','32990000','30990000','6','2025-03-31T23:59:00.000+07:00','','0',''
'"305779516701"','9.420893','Macbook Air M3 13 2024 8CPU 8GPU/8GB/256GB','Macbook Air M3 13 2024 8CPU 8GPU/8GB/256GB','Normal','Normal','may-tinh-xach-tay/macbook-air-m3-13-2024-8cpu-8gpu-8gb-256gb','27990000','','','','','','','','27990000','24990000','11','2025-03-27T23:59:00.000+07:00','','0',''
'"102151220935"','9.402976','Acer Nitro V 16 ProPanel Gaming ANV16-41-R36Y R7 8845HS','Acer Nitro V 16 ProPanel Gaming ANV16-41-R36Y R7 8845HS','Normal','Normal','may-tinh-xach-tay/acer-nitro-v-16-propanel-gaming-anv16-41-r36y','31990000','','','','','','','','31990000','29990000','6','2025-03-31T23:59:00.000+07:00','','0',''
'"878939633739"','9.384697','MSI Gaming Sword 16 HX B14VGKG-038VN i7-14700HX','MSI Gaming Sword 16 HX B14VGKG-038VN i7-14700HX','Normal','Normal','may-tinh-xach-tay/msi-gaming-sword-16-hx-b14vgkg-038vn-i7-14700hx','45990000','','','','','','','','45990000','42690000','7','2025-03-31T23:59:00.000+07:00','','0',''
'"558568429944"','8.6094055','Macbook Air 15 M4 2025 10CPU/10GPU/24GB/512GB','Macbook Air 15 M4 2025 10CPU/10GPU/24GB/512GB','Normal','Normal','may-tinh-xach-tay/macbook-air-15-m4-2025-10cpu-10gpu-24gb-512gb','41990000','','','','','','','','41990000','41990000','0','null','','0',''
'"864618530299"','8.6094055','Macbook Air 13 M4 2025 10CPU/10GPU/16GB/512GB','Macbook Air 13 M4 2025 10CPU/10GPU/16GB/512GB','Normal','Normal','may-tinh-xach-tay/macbook-air-13-m4-2025-10cpu-10gpu-16gb-512gb','31990000','','','','','','','','31990000','31990000','0','null','','0',''
'"783945032620"','8.6094055','Macbook Air 15 M4 2025 10CPU/10GPU/16GB/512GB','Macbook Air 15 M4 2025 10CPU/10GPU/16GB/512GB','Normal','Normal','may-tinh-xach-tay/macbook-air-15-m4-2025-10cpu-10gpu-16gb-512gb','36990000','','','','','','','','36990000','36990000','0','null','','0',''
'"346451832787"','8.6094055','Macbook Air 13 M4 2025 10CPU/10GPU/24GB/512GB','Macbook Air 13 M4 2025 10CPU/10GPU/24GB/512GB','Normal','Normal','may-tinh-xach-tay/macbook-air-13-m4-2025-10cpu-10gpu-24gb-512gb','36990000','','','','','','','','36990000','36990000','0','null','','0',''
'"528007133007"','8.6094055','Macbook Air 13 M4 2025 10CPU/8GPU/16GB/256GB','Macbook Air 13 M4 2025 10CPU/8GPU/16GB/256GB','Normal','Normal','may-tinh-xach-tay/macbook-air-13-m4-2025-10cpu-8gpu-16gb-256gb','26990000','','','','','','','','26990000','26990000','0','null','','0',''
'"671419933165"','8.6094055','Macbook Air 15 M4 2025 10CPU/10GPU/16GB/256GB','Macbook Air 15 M4 2025 10CPU/10GPU/16GB/256GB','Normal','Normal','may-tinh-xach-tay/macbook-air-15-m4-2025-10cpu-10gpu-16gb-256gb','31990000','','','','','','','','31990000','31990000','0','null','','0',''
'"740537312706"','8.50696','HP Envy x360 14-fc0155TU Core Ultra 7-155U(AY8W3PA)','HP Envy x360 14-fc0155TU Core Ultra 7-155U(AY8W3PA)','Normal','Normal','may-tinh-xach-tay/hp-envy-x360-14-fc0155tu-core-ultra-7-155u','35190000','','','','','','','','35190000','35190000','0','null','','0',''
'"300207614172"','8.50696','HP Envy X360 14-fa0093AU R7-8840HS (AY8U3PA)','HP Envy X360 14-fa0093AU R7-8840HS (AY8U3PA)','Normal','Normal','may-tinh-xach-tay/hp-envy-x360-14-fa0093au-r7-8840hs-ay8u3pa','34190000','','','','','','','','34190000','34190000','0','null','','0',''
'"203729628570"','8.50696','Acer Aspire 5 A515-58P-71EJ i7 1355U','Acer Aspire 5 A515-58P-71EJ i7 1355U','Normal','Normal','may-tinh-xach-tay/acer-aspire-5-a515-58p-71ej-i7-1355u','20490000','','','','','','','','20490000','17990000','12','2025-03-31T23:59:00.000+07:00','','0',''
'"228223212851"','8.50696','MacBook Pro 14 2023 M3 8 CPU/10 GPU/8GB/1TB','MacBook Pro 14 2023 M3 8 CPU/10 GPU/8GB/1TB','Normal','Normal','may-tinh-xach-tay/macbook-pro-14-2023-m3-8-cpu-10-gpu-8gb-1tb','44990000','','','','','','','','44990000','38990000','13','2025-03-27T23:59:00.000+07:00','','0',''
'"911004913983"','8.50696','MacBook Pro 16 2023 M3 Max 16 CPU/40 GPU/48GB/1TB','MacBook Pro 16 2023 M3 Max 16 CPU/40 GPU/48GB/1TB','Normal','Normal','may-tinh-xach-tay/macbook-pro-16-2023-m3-max-16-cpu-40-gpu-48gb-1tb','102490000','','','','','','','','102490000','101990000','0','2025-03-27T23:59:00.000+07:00','','0',''
'"315603812273"','8.489383','HP Envy X360 14-fc0161TU Core Ultra 5-125U (AY8X0PA)','HP Envy X360 14-fc0161TU Core Ultra 5-125U (AY8X0PA)','Normal','Normal','may-tinh-xach-tay/hp-envy-x360-14-fc0161tu-core-ultra-5-125u','29890000','','','','','','','','29890000','29890000','0','null','','0',''
'"933619012611"','8.489383','HP Envy x360 14-fc0156TU Core Ultra 7-155U(AY8W4PA)','HP Envy x360 14-fc0156TU Core Ultra 7-155U(AY8W4PA)','Normal','Normal','may-tinh-xach-tay/hp-envy-x360-14-fc0156tu-core-ultra-7-155u','35190000','','','','','','','','35190000','35190000','0','null','','0',''
'"288060216463"','8.489383','MSI Gaming Raider GE68 HX 13VG-048VN i7-13700HX','MSI Gaming Raider GE68 HX 13VG-048VN i7-13700HX','Normal','Normal','may-tinh-xach-tay/msi-gaming-raider-ge68-hx-13vg-048vn-i7-13700hx','66990000','','','','','','','','66990000','66990000','0','null','','0',''
'"270703617755"','8.489383','MSI Gaming Stealth 16 Mercedes AMG A13VG-289VN i9-13900H','MSI Gaming Stealth 16 Mercedes AMG A13VG-289VN i9-13900H','Normal','Normal','may-tinh-xach-tay/msi-gaming-stealth-16-mercedesamg-a13vg-289vn-i9-13900h','80990000','','','','','','','','80990000','80990000','0','null','','0',''
'"920699413904"','8.489383','MacBook Pro 16 2023 M3 Max 14 CPU/30 GPU/36GB/1TB','MacBook Pro 16 2023 M3 Max 14 CPU/30 GPU/36GB/1TB','Normal','Normal','may-tinh-xach-tay/macbook-pro-16-2023-m3-max-14-cpu-30-gpu-36gb-1tb','89990000','','','','','','','','89990000','83990000','7','2025-03-27T23:59:00.000+07:00','','0',''
'"300207614172"','8.6094055','HP Envy X360 14-fa0093AU R7-8840HS (AY8U3PA)','HP Envy X360 14-fa0093AU R7-8840HS (AY8U3PA)','Normal','Normal','may-tinh-xach-tay/hp-envy-x360-14-fa0093au-r7-8840hs-ay8u3pa','34190000','','','','','','','','34190000','34190000','0','null','','0',''
'"203729628570"','8.6094055','Acer Aspire 5 A515-58P-71EJ i7 1355U','Acer Aspire 5 A515-58P-71EJ i7 1355U','Normal','Normal','may-tinh-xach-tay/acer-aspire-5-a515-58p-71ej-i7-1355u','20490000','','','','','','','','20490000','17990000','12','2025-03-31T23:59:00.000+07:00','','0',''
'"228223212851"','8.6094055','MacBook Pro 14 2023 M3 8 CPU/10 GPU/8GB/1TB','MacBook Pro 14 2023 M3 8 CPU/10 GPU/8GB/1TB','Normal','Normal','may-tinh-xach-tay/macbook-pro-14-2023-m3-8-cpu-10-gpu-8gb-1tb','44990000','','','','','','','','44990000','38990000','13','2025-03-27T23:59:00.000+07:00','','0',''
